Energy (MeV),Co60 Counts,Co60 Normalized,Cs137 Counts,Cs137 Normalized,Na22 Counts,Na22 Normalized
0.0,0.102932,1.0,0.0798888,1.0,0.0874171,1.0
0.001,0.00669249,0.06501855593984378,0.00522303,0.06537875146453571,0.00570642,0.06527807488466215
0.0029541,0.0129118,0.12544009637430537,0.0101215,0.126694855849631,0.0110252,0.12612177708937955
0.0049081,0.0124547,0.12099930050907397,0.00978483,0.12248062306606183,0.0106405,0.12172103627322345
0.0068622,0.0116884,0.11355457972253527,0.00924028,0.11566427333994253,0.010026,0.11469151916501463
0.0088162,0.0107122,0.10407064858353088,0.00853552,0.10684251109041568,0.00920643,0.10531612236049927
0.01077,0.00959257,0.09319327322892784,0.00769637,0.09633853556443457,0.00826778,0.0945785206784485
0.012724,0.00835987,0.0812174056658765,0.00681094,0.08525525480417781,0.00724336,0.082859760847706
0.014678,0.00710046,0.06898204639956476,0.00587784,0.07357526962477844,0.00618333,0.0707336436463804
0.016632,0.00589034,0.057225546963043564,0.00501768,0.06280830354192328,0.00518223,0.05928165084405683
0.018587,0.0047747,0.046386935063925695,0.00421607,0.052774231181342064,0.00423661,0.048464316478126136
0.020541,0.00379647,0.03688328216686745,0.00353265,0.04421959023042029,0.00341799,0.0390997871125901
0.022495,0.00294084,0.02857070687444138,0.00293048,0.03668198796326895,0.00269494,0.030828522108374678
0.024449,0.00223295,0.021693448101659348,0.00244719,0.030632454111214593,0.00210379,0.024066115210868353
0.026403,0.00167182,0.016241984999805698,0.00207434,0.02596534182513694,0.0016238,0.018575313068038175
0.028357,0.00122099,0.011862103136050985,0.00176556,0.02210021930483372,0.00124464,0.014237946580245742
0.030311,0.000884481,0.008592867135584659,0.00154134,0.019293568059602847,0.000963395,0.011020669868938687
0.032265,0.000641691,0.006234125442039405,0.00137874,0.01725823895214348,0.000762719,0.008725054937763894
0.034219,0.000472508,0.004590486923405744,0.00124971,0.015643118935320097,0.000616298,0.0070500851664033705
0.036173,0.000350861,0.0034086678583919484,0.00113533,0.014211378816555011,0.00051488,0.0058899231386078926
0.038127,0.00026953,0.002618524851358178,0.00105146,0.013161544546920218,0.000450664,0.005155330021242984
0.040081,0.000219176,0.0021293281001049237,0.00096686,0.012102572575880476,0.000401281,0.0045904176642785
0.042035,0.00018606,0.0018076011347297244,0.00088543,0.011083280760256758,0.00037328,0.004270102760215107
0.043989,0.000165871,0.001611461936035441,0.00081298,0.010176395189313146,0.000354509,0.004055373605392995
0.045943,0.000149734,0.0014546885322348736,0.00074311,0.00930180450826649,0.000345124,0.003948014747686666
0.047897,0.000144499,0.0014038297128201142,0.00067569,0.00845788145522276,0.000335975,0.003843355590610991
0.049851,0.000142432,0.0013837484941514788,0.00061012,0.007637115590671034,0.000333467,0.003814665551705559
0.051805,0.000135254,0.0013140131348851668,0.0005498,0.006882066071839858,0.000328492,0.0037577544896822248
0.05376,0.000135809,0.001319405044106789,0.00049723,0.006224026396691401,0.000329664,0.003771161477559883
0.055714,0.000132785,0.001290026425212762,0.00045098,0.0056450966843913045,0.000327927,0.003751291223341886
0.057668,0.000135665,0.0013180060622546925,0.00040776,0.005104094691621354,0.000322725,0.003691783415372965
0.059622,0.000134266,0.0013044145649555045,0.00038154,0.004775888484994142,0.000320176,0.0036626243606800043
0.061576,0.000135192,0.0013134107954766252,0.00035754,0.004475470904557335,0.000323691,0.0037028338849035254
0.06353,0.000132425,0.0012865289705825207,0.00033705,0.0042189893952594105,0.000321399,0.0036766147584397103
0.065484,0.000133526,0.0012972253526600086,0.00032364,0.004051131072190344,0.000318716,0.0036459228228801913
0.067438,0.000132857,0.0012907259161388102,0.00031201,0.003905553719670342,0.000319991,0.0036605080699313977
0.069392,0.000131428,0.0012768429642871022,0.00030535,0.003822187841099128,0.000316578,0.0036214653654719725
0.071346,0.000133382,0.001295826370807912,0.0002992,0.003745205836112196,0.000313957,0.003591482673298474
0.0733,0.000132014,0.001282536043212995,0.0002967,0.0037139123381500286,0.000316537,0.0036209963496844438
0.075254,0.000133197,0.001294029067734038,0.00029402,0.003680365708334585,0.000313237,0.003583246298493087
0.077208,0.000133125,0.0012933295768079898,0.0002922,0.0036575840418181273,0.000309249,0.0035376259335988037
0.079162,0.000131345,0.0012760366066917966,0.00028955,0.0036244129339782303,0.000311161,0.0035594980844708877
0.081116,0.000129001,0.0012532642909882253,0.00029038,0.00363480237530167,0.000303338,0.003470007584328467
0.08307,0.000131057,0.0012732386429876034,0.00029151,0.0036489470363805687,0.000307254,0.003514804311742211
0.085024,0.000131222,0.0012748416430264642,0.00028848,0.003611019316850422,0.000306648,0.0035078720296143435
0.086978,0.000130687,0.0012696440368398555,0.00028546,0.003573216771312124,0.000305394,0.003493527010161628
0.088933,0.000131613,0.0012786402673609762,0.00028673,0.0035891138682769053,0.000307758,0.0035205697741059814
0.090887,0.00013044,0.00126724439435744,0.00028667,0.003588362824325813,0.000300203,0.0034341450356966774
0.092841,0.000131397,0.0012765417945828316,0.00028704,0.003592994262024214,0.000301837,0.003452837030741125
0.094795,0.000131222,0.0012748416430264642,0.00028726,0.0035957480898448847,0.000301303,0.0034467283860937963
0.096749,0.000130759,0.0012703435277659038,0.00028771,0.003601380919478075,0.000298435,0.003413920159785671
0.098703,0.000128846,0.0012517584424668715,0.00028425,0.003558070718298435,0.000296872,0.00339604036281231
0.10066,0.000129916,0.0012621536548400886,0.00028187,0.0035282793082384513,0.000296944,0.003396864000292849
0.10261,0.000131366,0.0012762406248785607,0.00028684,0.0035904907821872408,0.000300429,0.0034367303422328127
0.10457,0.000131171,0.00127434617028718,0.00028377,0.0035520623666896985,0.0002946,0.0033700500245375333
0.10652,0.000128743,0.0012507577818365524,0.00028459,0.0035623266340212897,0.000293768,0.0033605324358735307
0.10847,0.000131829,0.001280738740139121,0.00028054,0.003511631167322579,0.000294261,0.00336617206473333
0.11043,0.000130975,0.0012724420005440485,0.00028099,0.003517263996955769,0.000294498,0.003368883204773437
0.11238,0.000128733,0.0012506606303190454,0.00027905,0.0034929802425371264,0.000294796,0.003372292148790111
0.11434,0.000129186,0.0012550615940620992,0.0002803,0.0035086269915182104,0.000290386,0.003321844353107115
0.11629,0.000129936,0.0012623479578751022,0.00028006,0.0035056228157138423,0.000291619,0.0033359491449613406
0.11824,0.00012897,0.0012529631212839546,0.00028027,0.0035082514695426643,0.000292318,0.003343945292168237
0.1202,0.000128959,0.001252856254614697,0.00027942,0.0034976116802355275,0.000289111,0.0033072591060559087
0.12215,0.000128826,0.001251564139431858,0.00027966,0.0035006158560398955,0.00028944,0.003311022671765593
0.12411,0.000129196,0.0012551587455796058,0.00027669,0.0034634391804608407,0.000288618,0.003301619477196109
0.12606,0.000128918,0.0012524579333929196,0.00027802,0.003480087321376714,0.000288556,0.0033009102338100896
0.12801,0.00012934,0.0012565577274317025,0.00027879,0.0034897257187490615,0.000287394,0.003287617640026951
0.12997,0.000129926,0.0012622508063575952,0.00028212,0.0035314086580346686,0.00028651,0.0032775052020714486
0.13192,0.000131366,0.0012762406248785607,0.00027626,0.0034580566988113483,0.00028538,0.0032645786693907717
0.13388,0.000129648,0.001259549994170909,0.00027967,0.003500741030031744,0.000289594,0.0033127843408211895
0.13583,0.000131644,0.0012789414370652469,0.00027491,0.0034411582099117778,0.00028761,0.0032900885524685675
0.13778,0.000130636,0.0012691485641005713,0.00027699,0.003467194400216301,0.00028354,0.0032435301559992267
0.13974,0.00013005,0.0012634554851746783,0.00027193,0.0034038563603408737,0.000282306,0.00322941392473555
0.14169,0.000131376,0.0012763377763960672,0.00027607,0.003455678392966223,0.00028501,0.0032603460878935587
0.14365,0.00013116,0.0012742393036179226,0.00027732,0.003471325141947307,0.000283971,0.003248460541473007
0.1456,0.000129864,0.0012616484669490536,0.0002709,0.0033909634391804614,0.000282717,0.0032341155220202912
0.14755,0.000131561,0.0012781350794699414,0.00027423,0.0034326463784660676,0.00028317,0.003239297574502014
0.14951,0.000130183,0.0012647476003575177,0.00027563,0.003450170737324882,0.000280415,0.0032077820014619566
0.15146,0.000129751,0.001260550654801228,0.00027592,0.003453800783088493,0.00028133,0.0032182490611104694
0.15342,0.000130996,0.0012726460187308126,0.00027423,0.0034326463784660676,0.000283457,0.0032425806850147165
0.15537,0.000130368,0.0012665449034313916,0.00027386,0.0034280149407676674,0.000286911,0.003282092405261671
0.15732,0.000131459,0.001277144133991373,0.00027691,0.0034661930082815116,0.000281545,0.003220708534142634
0.15928,0.000132034,0.0012827303462480085,0.0002748,0.0034397812960014424,0.000286778,0.003280570963804565
0.16123,0.000130492,0.0012677495822484748,0.00027453,0.003436401598221528,0.000287477,0.0032885671110114614
0.16319,0.000128785,0.0012511658182100805,0.00027786,0.003478084537507135,0.000287898,0.0032933831023907218
0.16514,0.000130368,0.0012665449034313916,0.00027701,0.003467444748199998,0.000290376,0.003321729959012596
0.16709,0.00013044,0.00126724439435744,0.00027702,0.003467569922191847,0.000290036,0.0033178405597989414
0.16905,0.000129792,0.0012609489760230055,0.00027896,0.003491853676610489,0.000293305,0.0033552359892972884
0.171,0.000129504,0.0012581510123188125,0.00027971,0.0035012417259991393,0.00029496,0.0033741682119402265
0.17296,0.000128589,0.0012492616484669492,0.00028238,0.0035346631818227335,0.000299041,0.0034208524419135386
0.17491,0.000133032,0.0012924260676951773,0.00028399,0.0035548161945103698,0.000298229,0.0034115636414385744
0.17687,0.000132497,0.0012872284615085688,0.00028054,0.003511631167322579,0.000296286,0.003389336868873481
0.17882,0.000128404,0.0012474643453930752,0.00028603,0.003580351688847498,0.000304952,0.003488470791183876
0.18077,0.00012935,0.0012566548789492093,0.00028723,0.0035953725678693387,0.000304561,0.003483997982088173
0.18273,0.000131294,0.0012755411339525125,0.00029017,0.003632173721472848,0.000305671,0.003496695726579811
0.18468,0.000128929,0.0012525648000621772,0.00029473,0.003689253061755841,0.000306658,0.003507986423708863
0.18664,0.000131047,0.0012731414914700968,0.00029188,0.00365357847407897,0.000307224,0.0035144611294586525
0.18859,0.000132343,0.0012857323281389656,0.00030298,0.0037925216050309933,0.000309053,0.0035353838093462263
0.19054,0.00013007,0.001263649788209692,0.00030149,0.0037738706802455417,0.0003034,0.0034707168277144864
0.1925,0.000132785,0.001290026425212762,0.00030504,0.0038183074473518196,0.000305517,0.0034949340575242144
0.19445,0.00013405,0.00130231609217736,0.00030498,0.003817556403400727,0.00030524,0.003491765341106031
0.19641,0.000132929,0.0012914254070648585,0.00030814,0.0038571113848249066,0.000304859,0.0034874069261048466
0.19836,0.000136519,0.001326302801849765,0.00030355,0.003799656522566367,0.000307244,0.003514689917647691
0.20031,0.000134091,0.0013027144133991374,0.00030703,0.0038432170717297045,0.000303729,0.00347448039342417
0.20227,0.000138308,0.001343683208331714,0.00030918,0.003870129479977168,0.000306442,0.0035055155112672463
0.20422,0.000136868,0.0013296933898107488,0.00030745,0.003848474379387349,0.000304088,0.0034785871414174116
0.20618,0.000139316,0.00135347608129639,0.0003084,0.0038603659086129723,0.00030266,0.0034622516647200606
0.20813,0.000139985,0.0013599755178175883,0.00031174,0.0039021740218904283,0.000299853,0.0034301412423885028
0.21008,0.000140355,0.0013635701239653364,0.00030668,0.0038388359820150006,0.000301344,0.0034471974018813255
0.21204,0.000144551,0.0014043349007111492,0.00030305,0.0037933978229739342,0.000302084,0.0034556625648757507
0.21399,0.000147636,0.0014343061438619673,0.00030655,0.0038372087201209684,0.000297324,0.003401210975884581
0.21595,0.000147636,0.0014343061438619673,0.00030473,0.0038144270536045106,0.000300295,0.0034351974613662547
0.2179,0.000148912,0.0014467026774958227,0.00030294,0.003792020909063599,0.000299206,0.0034227399444731067
0.21985,0.000148829,0.001445896319900517,0.00030133,0.0037718678963759625,0.000298332,0.003412741900612123
0.22181,0.000149981,0.0014570881747172893,0.0002997,0.00375146453570463,0.000294518,0.0033691119929624754
0.22376,0.000151976,0.0014764699024598766,0.00029978,0.003752465927639419,0.000295371,0.0033788698092249688
0.22572,0.000152079,0.0014774705630901956,0.00029795,0.0037295590871311126,0.000292349,0.003344299913861247
0.22767,0.000151606,0.0014728752963121285,0.00029916,0.0037447051401448012,0.000293757,0.0033604066023695594
0.22962,0.000151411,0.0014709808417207478,0.00029732,0.003721673125644646,0.000298527,0.003414972585455248
0.23158,0.000154568,0.0015016515757976141,0.000293,0.003667597961166021,0.000290633,0.003324669887241741
0.23353,0.000150063,0.0014578848171608442,0.00029436,0.00368462162405744,0.000294261,0.00336617206473333
0.23549,0.000151071,0.0014676776901255198,0.00029296,0.0036670972651986263,0.000288268,0.003297615683887935
0.23744,0.000152213,0.0014787723934247853,0.00029205,0.003655706431940398,0.000289563,0.0033124297191281797
0.23939,0.000152285,0.0014794718843508337,0.00029168,0.0036510749942419967,0.000292411,0.0033450091572472663
0.24135,0.000152028,0.0014769750903509112,0.0002923,0.0036588357817366143,0.000289348,0.0033099702460960153
0.2433,0.000153447,0.0014907608906851125,0.00028822,0.003607764793062357,0.000285647,0.0032676329917144357
0.24526,0.000151812,0.0014748766175727665,0.00028386,0.0035531889326163367,0.000286408,0.0032763383823073517
0.24721,0.000152696,0.001483464811720359,0.00028808,0.003606012357176476,0.000284598,0.003255633051199365
0.24917,0.000152244,0.0014790735631290562,0.0002844,0.003559948328176165,0.000284722,0.003257051537971404
0.25112,0.000150691,0.0014639859324602651,0.00028493,0.0035665825497441447,0.000285051,0.0032608151036810874
0.25307,0.000148798,0.001445595150196246,0.0002805,0.003511130471355184,0.000283468,0.0032427065185186878
0.25503,0.000148675,0.0014444001865309135,0.0002812,0.003519892650784591,0.000283951,0.0032482317532839685
0.25698,0.00014958,0.0014531923988652703,0.00028037,0.0035095032094611513,0.000284845,0.0032584585853339906
0.25894,0.000149395,0.0014513950957913964,0.00027832,0.003483842541132174,0.00028024,0.0032057801048078695
0.26089,0.000147667,0.001434607313566238,0.00027878,0.0034896005447572127,0.00028098,0.0032142452678022952
0.26284,0.000149632,0.001453697586756305,0.00027866,0.003488098456855029,0.000282049,0.0032264739965064044
0.2648,0.000147965,0.0014375024287879379,0.00027639,0.0034596839607053806,0.000275573,0.0031523923808957285
0.26675,0.000145003,0.001408726149302452,0.00027755,0.0034742041437598264,0.000277444,0.0031737955159802833
0.26871,0.000145435,0.0014129230948587417,0.00027454,0.0034365267722133767,0.000276375,0.0031615667872761737
0.27066,0.000146032,0.0014187230404538917,0.00027704,0.003467820270175544,0.000278235,0.003182844088856757
0.27261,0.000145775,0.0014162262464539697,0.00027473,0.0034389050780585014,0.00027692,0.0031678012654274734
0.27457,0.000144068,0.0013996424824155754,0.00027141,0.0033973473127647427,0.000276508,0.0031630882287332802
0.27652,0.000142381,0.0013832530214121944,0.00027188,0.003403230490381631,0.000277002,0.0031687392970025314
0.27848,0.000144253,0.0014014397854894495,0.00027218,0.003406985710137091,0.00027363,0.0031301656083306357
0.28043,0.000143903,0.0013980394823767148,0.00027237,0.0034093640159822158,0.000274483,0.003139923424593129
0.28238,0.000143996,0.001398942991489527,0.00027211,0.00340610949219415,0.000274853,0.0031441560060903413
0.28434,0.000141476,0.0013744608090778378,0.000269,0.0033671803807292133,0.000275481,0.0031513399552261516
0.28629,0.000142309,0.0013825535304861462,0.00026744,0.003347653238000821,0.000275244,0.003148628815186045
0.28825,0.000142833,0.0013876442700034976,0.00026945,0.0033728132103624043,0.000273168,0.0031248806011638457
0.2902,0.000141095,0.0013707593362608324,0.00026452,0.00331110243238101,0.000277177,0.0031707411936566184
0.29215,0.000144232,0.0014012357673026854,0.00026534,0.0033213666997126004,0.000275604,0.0031527470025887383
0.29411,0.000140848,0.0013683596937784169,0.00026694,0.003341394538408388,0.000276694,0.0031652159588913386
0.29606,0.000141825,0.0013778513970388218,0.00026723,0.003345024584171999,0.000277855,0.0031784971132650247
0.29802,0.000143162,0.0013908405549294682,0.00026373,0.003301213687024965,0.000277896,0.0031789661290525543
0.29997,0.000142741,0.0013867504760424357,0.0002645,0.003310852084397312,0.000275912,0.003156270340699932
0.30192,0.000141774,0.0013773559242995375,0.00026386,0.0033028409489189972,0.000279099,0.0031927277386232214
0.30388,0.000142134,0.001380853378929779,0.0002657,0.0033258729634191527,0.000278225,0.003182729694762238
0.30583,0.00014127,0.0013724594878171997,0.00026286,0.003290323549734131,0.000279171,0.00319355137610376
0.30779,0.000142124,0.0013807562274122723,0.00026254,0.0032863179819949736,0.000282913,0.0032363576462728686
0.30974,0.000142844,0.0013877511366727547,0.00026212,0.003281060674337329,0.000281967,0.0032255359649313465
0.3117,0.000141126,0.001371060505965103,0.00026031,0.0032584041818127197,0.000281957,0.003225421570836827
0.31365,0.000143852,0.0013975440096374307,0.00026465,0.0033127296942750428,0.000285647,0.0032676329917144357
0.3156,0.000139748,0.0013576730268526796,0.00026333,0.003296206727351018,0.000287693,0.003291038023453077
0.31756,0.00014091,0.0013689620331869584,0.00026237,0.0032841900241335456,0.000288525,0.00330055561211708
0.31951,0.000140026,0.0013603738390393658,0.00026178,0.003276804758614474,0.000282707,0.0032340011279257718
0.32147,0.00013803,0.001340982396145028,0.00025832,0.0032334945574348344,0.00028281,0.0032351793870993204
0.32342,0.000139491,0.001355176232852757,0.00025891,0.0032408798229539063,0.000280476,0.003208479805438524
0.32537,0.000137053,0.0013314906928846228,0.00025856,0.003236498733239203,0.000281319,0.0032181232276064977
0.32733,0.000136868,0.0013296933898107488,0.00025647,0.003210337368942831,0.000276108,0.0031585124649525093
0.32928,0.000136303,0.00132420432907162,0.00025573,0.0032010744935460295,0.00027289,0.0031217004453362104
0.33124,0.000137167,0.0013325982201841994,0.00025637,0.0032090856290243443,0.000265797,0.003040560714093696
0.33319,0.000135099,0.001312507286363813,0.00025891,0.0032408798229539063,0.000257594,0.0029467232383595427
0.33514,0.000136076,0.001321998989624218,0.00026124,0.003270045363054646,0.00025338,0.002898517566929125
0.3371,0.000133279,0.001294825710177593,0.00025586,0.003202701755440062,0.000242278,0.0027715172431938373
0.33905,0.000134009,0.0013019177709555825,0.00025779,0.003226860335866855,0.00023392,0.0026759066589946362
0.34101,0.000134421,0.0013059204134768586,0.00025591,0.003203327625399305,0.000225759,0.0025825496384574644
0.34296,0.000134914,0.001310709983289939,0.00025775,0.0032263596398994605,0.000216024,0.00247118698744296
0.34491,0.000133937,0.001301218280029534,0.00025593,0.0032035779733830027,0.000203586,0.0023289036126798992
0.34687,0.000133834,0.001300217619399215,0.00025659,0.0032118394568450147,0.000196914,0.0022525798728166456
0.34882,0.000133073,0.0012928243889169548,0.00025685,0.00321509398063308,0.000182687,0.0020898313945440883
0.35078,0.000131171,0.00127434617028718,0.00025645,0.0032100870209591337,0.000174207,0.001992825202391752
0.35273,0.000132096,0.00128333268565655,0.00025458,0.0031866794844834325,0.000164174,0.0018780536073605737
0.35468,0.000132076,0.0012831383826215365,0.00025616,0.0032064569751955223,0.00015445,0.0017668167898500407
0.35664,0.000132898,0.0012911242373605876,0.00025522,0.0031946906199617473,0.000146997,0.001681558871204833
0.35859,0.000131284,0.0012754439824350058,0.0002571,0.003218223330429297,0.000140089,0.001602535430710925
0.36055,0.000132487,0.0012871313099910623,0.00025687,0.0032153443286167776,0.000133911,0.0015318627591169236
0.3625,0.000128363,0.0012470660241712976,0.00025654,0.003211213586885771,0.000126459,0.0014466162798811672
0.36445,0.000132394,0.0012862278008782498,0.00025842,0.003234746297353321,0.000123231,0.001409689866170349
0.36641,0.000133042,0.001292523219212684,0.00025421,0.0031820480467850314,0.000116662,0.001334544385480644
0.36836,0.000128692,0.001250262309097268,0.00025609,0.0032055807572525814,0.000113465,0.0012979725934628352
0.37032,0.000129618,0.001259258539618389,0.00025652,0.0032109632389020737,0.000108089,0.0012364743282492784
0.37227,0.000129988,0.0012628531457661368,0.00025533,0.0031960675338720823,0.000107102,0.0012251836311202272
0.37422,0.000129762,0.0012606575214704856,0.00025589,0.0032030772774156078,0.000103587,0.0011849741068967056
0.37618,0.000130739,0.0012701492247308903,0.00025454,0.003186178788516037,0.000100256,0.0011468694340123385
0.37813,0.000129278,0.001255955388023161,0.00025681,0.0032145932846656855,9.92898e-05,0.0011358166765998872
0.38009,0.000130543,0.001268245054987759,0.00025591,0.003203327625399305,9.51368e-05,0.0010883088091460367
0.38204,0.000128836,0.0012516612909493647,0.00026123,0.0032699201890627975,9.25875e-05,0.0010591463226302404
0.384,0.000129062,0.001253856915245016,0.00025993,0.0032536475701224706,9.22894e-05,0.0010557362346726212
0.38595,0.000129854,0.001261551315431547,0.00025732,0.0032209771582499677,9.07372e-05,0.001037979983321341
0.3879,0.000128867,0.0012519624606536356,0.00025719,0.003219349896355935,8.80131e-05,0.0010068178880333482
0.38986,0.000128178,0.0012452687210974236,0.00026066,0.0032627852715274236,8.71702e-05,0.0009971756098063193
0.39181,0.000128209,0.0012455698908016943,0.00026004,0.003255024484032806,8.65329e-05,0.0009898852741626067
0.39377,0.00012897,0.0012529631212839546,0.00026018,0.003256776919918687,8.47545e-05,0.0009695414283933007
0.39572,0.00013044,0.00126724439435744,0.00025921,0.0032446350427093665,8.15885e-05,0.0009333242580685015
0.39767,0.000128219,0.001245667042319201,0.00026149,0.003273174712850863,8.38397e-05,0.0009590766566266784
0.39963,0.00013043,0.0012671472428399332,0.00025934,0.0032462623046033987,8.25753e-05,0.0009446126673156624
0.40158,0.000128013,0.001243665721058563,0.00026122,0.0032697950150709486,8.28426e-05,0.0009476704214621625
0.40354,0.000127139,0.001235174678428477,0.00026037,0.003259155225763812,8.13212e-05,0.0009302665039220016
0.40549,0.00012933,0.001256460575914196,0.00026336,0.0032965822493265643,8.10539e-05,0.0009272087497755017
0.40744,0.000128383,0.0012472603272063111,0.00026127,0.0032704208850301924,7.83093e-05,0.0008958121465937444
0.4094,0.000127283,0.0012365736602805736,0.00026264,0.00328756972191346,8.00671e-05,0.0009159203405283405
0.41135,0.000129216,0.0012553530486146196,0.00026067,0.003262910445519272,7.97176e-05,0.0009119222669248923
0.41331,0.000128332,0.0012467648544670267,0.00026368,0.0033005878170657217,7.90289e-05,0.0009040439456353505
0.41526,0.000125751,0.0012216900477985467,0.0002624,0.0032845655461090917,7.79803e-05,0.0008920485808840605
0.41721,0.00012644,0.0012283837873547584,0.00026424,0.003307597560609247,7.73019e-05,0.0008842880855118736
0.41917,0.00012646,0.001228578090389772,0.00026342,0.003297333293277656,7.83298e-05,0.0008960466544875088
0.42112,0.00012683,0.00123217269653752,0.00026667,0.0033380148406284738,7.74355e-05,0.000885816390614651
0.42308,0.000128589,0.0012492616484669492,0.00026626,0.003332882706962678,7.84532e-05,0.0008974582776138765
0.42503,0.00012935,0.0012566548789492093,0.00027093,0.003391338961156007,7.76308e-05,0.0008880505072806122
0.42698,0.000126203,0.0012260812963898497,0.00026936,0.003371686644435766,7.64384e-05,0.0008744101554501351
0.42894,0.000125781,0.0012219815023510668,0.00027227,0.003408112276063729,7.84224e-05,0.0008971059438027572
0.43089,0.000126707,0.0012309777328721875,0.00027034,0.0033839536956369355,7.73327e-05,0.000884640419322993
0.43285,0.000125483,0.0012190863871293668,0.0002752,0.003444788255675389,7.67674e-05,0.0008781737211598189
0.4348,0.000127149,0.001235271829945984,0.00027539,0.0034471665615205135,7.55133e-05,0.0008638275577661579
0.43675,0.00012538,0.001218085726499048,0.00028062,0.0035126325592573678,7.69935e-05,0.0008807601716368993
0.43871,0.000124681,0.0012112948354253293,0.0002758,0.003452298695186309,7.8299e-05,0.0008956943206763895
0.44066,0.000125586,0.0012200870477596859,0.0002811,0.0035186409108661043,7.54619e-05,0.0008632395721203289
0.44262,0.000125802,0.001222185520537831,0.00027914,0.0034941068084637645,7.69216e-05,0.000879937678097306
0.44457,0.000126018,0.0012242839933159758,0.00028437,0.003559572806200619,7.61403e-05,0.0008710000674925157
0.44652,0.000124115,0.00120579605953445,0.00028679,0.003589864912227997,7.7158e-05,0.0008826419544917413
0.44848,0.0001243,0.001207593362608324,0.00028454,0.0035617007640620464,7.57497e-05,0.0008665318341605934
0.45043,0.000126779,0.0012316772237982356,0.00028424,0.003557945544306586,7.64076e-05,0.0008740578216390157
0.45239,0.000126779,0.0012316772237982356,0.0002856,0.0035749692071980056,7.73327e-05,0.000884640419322993
0.45434,0.000126542,0.0012293747328333269,0.00028625,0.003583105516668169,7.7086e-05,0.0008818183170112026
0.4563,0.000124547,0.0012099930050907396,0.00028617,0.0035821041247333795,7.57086e-05,0.0008660616744321192
0.45825,0.00012463,0.0012107993626860453,0.00028422,0.003557695196322889,7.7086e-05,0.0008818183170112026
0.4602,0.0001261,0.0012250806357595307,0.00028084,0.003515386387078038,7.91522e-05,0.0009054544248207732
0.46216,0.000125689,0.0012210877083900051,0.00027846,0.0034855949770180553,8.12492e-05,0.0009294428664414628
0.46411,0.000124815,0.0012125966657599192,0.00027481,0.0034399064699932908,8.4405e-05,0.0009655433547898524
0.46607,0.000124599,0.0012104981929817744,0.00027025,0.0033828271297102973,8.96373e-05,0.0010253977768651672
0.46802,0.000124002,0.0012046982473866243,0.00025869,0.0032381259951332355,9.37183e-05,0.001072082006838479
0.46997,0.000125514,0.0012193875568336377,0.00025214,0.0031561370304723567,0.000101438,0.0011603908159845157
0.47193,0.000122891,0.0011939047137916295,0.0002462,0.003081783679314247,0.00011402,0.0013043214657086541
0.47388,0.000124794,0.0012123926475731553,0.00023763,0.0029745095682999372,0.000133592,0.0015282135875017589
0.47584,0.000124156,0.0012061943807562274,0.00022437,0.002808528855108601,0.00015704,0.0017964448603305305
0.47779,0.000125843,0.0012225838417596084,0.00021502,0.0026914911727300953,0.000188907,0.002160984521335071
0.47974,0.000122192,0.0011871138227179108,0.00020215,0.0025303922452208573,0.000239153,0.002735769088656567
0.4817,0.000123272,0.001197606186608635,0.00019102,0.002391073592293288,0.000299226,0.003422968732662145
0.48365,0.000122922,0.0011942058834959002,0.00017968,0.0022491262855368964,0.000381144,0.004360062276145056
0.48561,0.000125637,0.0012205825204989703,0.00016456,0.002059863209861708,0.000493303,0.005643095000863675
0.48756,0.000124979,0.001214189950647029,0.00015352,0.0019216711228607767,0.000628787,0.007192951951048479
0.48951,0.000123745,0.001202201453386702,0.00014412,0.001804007570523027,0.000786053,0.008991982117915145
0.49147,0.000121215,0.0011776221194575059,0.00013371,0.0016737014450085618,0.000977057,0.011176955080870904
0.49342,0.000122326,0.0011884156530525007,0.00012111,0.0015159822152792381,0.00120268,0.013757948959642908
0.49538,0.00012537,0.0012179885749815413,0.00011552,0.001446009953835832,0.00144601,0.01654150046158017
0.49733,0.000126316,0.0012271791085376753,0.00010604,0.001327345009563293,0.00171051,0.019567224261614717
0.49928,0.00012394,0.0012040959079780828,0.00010019,0.0012541182243318214,0.00197668,0.022612051875433987
0.50124,0.000126419,0.0012281797691679945,9.109e-05,0.001140209891749532,0.00223767,0.02559762334829227
0.50319,0.000122459,0.0011897077682353398,8.696e-05,0.0010885130331160313,0.00249648,0.028558256908545354
0.50515,0.000125699,0.0012211848599075119,8.233e-05,0.0010305574748900974,0.00271836,0.031096433077738794
0.5071,0.000124568,0.0012101970232775037,7.687e-05,0.0009622124753407236,0.00288477,0.033000065204633874
0.50905,0.000123735,0.0012021043018691953,7.363e-05,0.0009216561019817546,0.0030298,0.03465912275744677
0.51101,0.000123807,0.0012028037927952436,6.966e-05,0.0008719620272178328,0.00309279,0.03537969115882362
0.51296,0.00012501,0.0012144911203513,6.648e-05,0.0008321566978099559,0.00307692,0.03519814773082154
0.51492,0.000125247,0.0012167936113162087,6.265e-05,0.0007842150589319154,0.00301396,0.03447792251172826
0.51687,0.000124383,0.0012083997202036296,5.935e-05,0.0007429076416218544,0.00288461,0.03299823489912157
0.51883,0.000124743,0.0012118971748338709,5.692e-05,0.0007124903616026277,0.00270458,0.030938798015491247
0.52078,0.000125946,0.0012235845023899272,5.493e-05,0.0006875807372247424,0.00246939,0.028248363306492667
0.52273,0.000126892,0.0012327750359460616,5.305e-05,0.0006640480267571926,0.00221393,0.02532605176790353
0.52469,0.000125925,0.0012233804842031635,5.048e-05,0.0006318783108520844,0.0019555,0.02236976518324218
0.52664,0.000123251,0.0011974021684218708,4.852e-05,0.0006073442084497452,0.0016735,0.01914385171779892
0.5286,0.000124866,0.0012130921384992035,4.724e-05,0.0005913219374931155,0.00140278,0.01604697479097339
0.53055,0.000122141,0.0011866183499786268,4.48e-05,0.0005607794834820401,0.00115671,0.013232079307137849
0.5325,0.00012394,0.0012040959079780828,4.276e-05,0.0005352439891449114,0.000932207,0.010663897566952005
0.53446,0.000124846,0.00121289783546419,4.191e-05,0.0005246041998377745,0.000745141,0.008523972998417931
0.53641,0.00012466,0.0012110908172385652,4.119e-05,0.0005155916724246702,0.000585161,0.006693896274298735
0.53837,0.000122531,0.0011904072591613882,4.007e-05,0.0005015721853376193,0.000446079,0.0051028803289059005
0.54032,0.000126861,0.0012324738662417907,3.76e-05,0.0004706542093509979,0.000338124,0.00386793888152318
0.54227,0.000125751,0.0012216900477985467,3.646e-05,0.0004563843742802496,0.000256885,0.002938612697058127
0.54423,0.000124321,0.001207797380795088,3.582e-05,0.0004483732388019347,0.000192885,0.0022064904921348344
0.54618,0.000125051,0.0012148894415730774,3.447e-05,0.0004314747499023643,0.000146493,0.0016757934088410622
0.54814,0.000124486,0.0012094003808339486,3.478e-05,0.0004353551436496731,0.000113599,0.001299505474329393
0.55009,0.000125185,0.001216191271907667,3.293e-05,0.00041219795515766916,8.94214e-05,0.0010229280083644961
0.55204,0.000124969,0.0012140927991295225,3.345e-05,0.0004187070027338,7.21519e-05,0.0008253751268344524
0.554,0.000124989,0.0012142871021645358,3.088e-05,0.00038653728682869193,6.23966e-05,0.0007137802558080743
0.55595,0.000124156,0.0012061943807562274,3.128e-05,0.0003915442465026387,5.45636e-05,0.0006241753615711343
0.55791,0.000123982,0.0012045039443516108,3.085e-05,0.00038616176485314587,5.01229e-05,0.0005733763760179645
0.55986,0.000126954,0.0012333773753546032,3.136e-05,0.00039254563843742804,4.58466e-05,0.0005244580293786914
0.56181,0.000125144,0.0012157929506858896,2.968e-05,0.00037151640780685156,4.65456e-05,0.000532454176585588
0.56377,0.000123118,0.0011961100532390317,3.014e-05,0.0003772744114318903,4.3544e-05,0.0004981176451746856
0.56572,0.000125247,0.0012167936113162087,2.894e-05,0.00036225353241005,4.42122e-05,0.0005057614585704628
0.56768,0.000124619,0.0012106924960167877,2.936e-05,0.0003675108400676941,4.29889e-05,0.0004917676289879212
0.56963,0.000124609,0.0012105953444992812,2.941e-05,0.0003681367100269375,4.26805e-05,0.000488239715112947
0.57158,0.000123745,0.001202201453386702,2.943e-05,0.00036838705801063484,4.40477e-05,0.0005038796757156209
0.57354,0.000124866,0.0012130921384992035,2.836e-05,0.00035499344088282716,4.33487e-05,0.0004958835285087243
0.57549,0.000125607,0.00122029106594645,2.924e-05,0.0003660087521655101,4.3801e-05,0.0005010575734038307
0.57745,0.000125514,0.0012193875568336377,2.787e-05,0.00034885991528224233,4.40991e-05,0.0005044676613614499
0.5794,0.000126028,0.0012243811448334823,2.813e-05,0.0003521144390703077,4.32767e-05,0.0004950598910281855
0.58135,0.000123447,0.001199306338165002,2.86e-05,0.0003579976166871952,4.37599e-05,0.0005005874136753565
0.58331,0.000125874,0.001222885011463879,2.778e-05,0.0003477333493556043,4.34206e-05,0.0004967060220483178
0.58526,0.000125319,0.0012174931022422572,2.763e-05,0.0003458557394778743,4.23002e-05,0.00048388930769837935
0.58722,0.000124815,0.0012125966657599192,2.69e-05,0.0003367180380729214,4.30403e-05,0.0004923556146337501
0.58917,0.000124763,0.0012120914778688844,2.766e-05,0.0003462312614534203,4.34412e-05,0.0004969416738830275
0.59113,0.000125236,0.0012166867446469515,2.813e-05,0.0003521144390703077,4.3287e-05,0.0004951777169455404
0.59308,0.000126954,0.0012333773753546032,2.601e-05,0.00032557755279838976,4.28655e-05,0.0004903560058615534
0.59503,0.000125792,0.0012220883690203241,2.61e-05,0.00032670411872502784,4.38318e-05,0.0005014099072149499
0.59699,0.000124691,0.001211391986942836,2.633e-05,0.0003295831205375472,4.31431e-05,0.0004935315859254082
0.59894,0.000126193,0.001225984144872343,2.695e-05,0.00033734390803216474,4.4058e-05,0.0005039975016329757
0.6009,0.000124126,0.0012059029262037075,2.627e-05,0.0003288320765864552,4.25263e-05,0.00048647575817545996
0.60285,0.000126542,0.0012293747328333269,2.562e-05,0.0003206957671162916,4.27525e-05,0.0004890633525934857
0.6048,0.000125452,0.0012187852174250962,2.714e-05,0.00033972221387728945,4.32356e-05,0.0004945897312997115
0.60676,0.00012573,0.0012214860296117826,2.6e-05,0.0003254523788065411,4.33795e-05,0.0004962358623198436
0.60871,0.000126902,0.0012328721874635682,2.667e-05,0.00033383903626040196,4.2074e-05,0.0004813017132803536
0.61067,0.000124496,0.0012094975323514554,2.834e-05,0.0003547430928991298,4.2588e-05,0.00048718156973864385
0.61262,0.000127386,0.0012375743209108927,3.045e-05,0.0003811548051791991,4.23413e-05,0.0004843594674268536
0.61457,0.000124743,0.0012118971748338709,3.455e-05,0.0004324761418371537,4.3544e-05,0.0004981176451746856
0.61653,0.000127088,0.001234679205689193,3.74e-05,0.0004681507295140245,4.25777e-05,0.00048706374382128894
0.61848,0.000125236,0.0012166867446469515,4.392e-05,0.0005497641721993571,4.33178e-05,0.0004955300507566597
0.62044,0.000128805,0.001251360121245094,5.353e-05,0.0006700563783659287,4.24132e-05,0.0004851819609664471
0.62239,0.000125607,0.00122029106594645,6.55e-05,0.0008198896466087863,4.24235e-05,0.0004852997868838019
0.62434,0.000128065,0.0012441709089495976,8.626e-05,0.0010797508536866244,4.49112e-05,0.0005137576057773594
0.6263,0.000126296,0.001226984805502662,0.00010995,0.0013762880403761228,4.28758e-05,0.0004904738317789083
0.62825,0.000127468,0.0012383709633544476,0.0001447,0.0018112676620502498,4.27216e-05,0.0004887098748414212
0.63021,0.000128558,0.0012489604787626783,0.00019939,0.0024958442234706245,4.27011e-05,0.0004884753669476567
0.63216,0.000129021,0.0012534585940232386,0.00026478,0.003314356956169075,4.35748e-05,0.0004984699789858048
0.63411,0.000126728,0.0012311817510589516,0.00034893,0.004367696097575631,4.40169e-05,0.0005035273419045016
0.63607,0.000125925,0.0012233804842031635,0.00046211,0.005784415337318874,4.33178e-05,0.0004955300507566597
0.63802,0.000127355,0.001237273151206622,0.00060196,0.007534973613322519,4.31123e-05,0.0004931792521142888
0.63998,0.00012789,0.0012424707573932305,0.00076835,0.009617743663692533,4.38318e-05,0.0005014099072149499
0.64193,0.000128425,0.0012476683635798391,0.0009649,0.012078038473478134,4.41813e-05,0.0005054079808183983
0.64388,0.000123447,0.001199306338165002,0.00119394,0.014945023582780066,4.47673e-05,0.0005121114747572271
0.64584,0.000127684,0.0012404694361325924,0.00144164,0.01804558336087161,4.29992e-05,0.000491885454905276
0.64779,0.000129062,0.001253856915245016,0.0017176,0.0214998848399275,4.37599e-05,0.0005005874136753565
0.64975,0.000128476,0.0012481638363191234,0.00199977,0.025031919367921412,4.34412e-05,0.0004969416738830275
0.6517,0.000128229,0.0012457641938367077,0.00227296,0.02845154765123522,4.38215e-05,0.0005012920812975951
0.65365,0.000126656,0.0012304822601329033,0.00253774,0.0317659046074043,4.24646e-05,0.0004857699466122761
0.65561,0.000129031,0.0012535557455407454,0.00277054,0.03467995513764133,4.37393e-05,0.0005003517618406468
0.65756,0.000129237,0.0012555570668013837,0.002961,0.037064018986391084,4.50756e-05,0.0005156382446912561
0.65952,0.000127273,0.001236476508763067,0.00310395,0.038853381199867816,4.29067e-05,0.0004908273095309728
0.66147,0.000128857,0.0012518653091361286,0.003167,0.03964260321847368,4.45205e-05,0.0005092882285044917
0.66343,0.000128692,0.001250262309097268,0.00316172,0.03957651135077758,4.36776e-05,0.0004996459502774629
0.66538,0.000128887,0.001252156763688649,0.00309167,0.03869966753787765,4.41196e-05,0.0005047021692552143
0.66733,0.000130533,0.0012681479034702522,0.00297383,0.03722461721793292,4.33487e-05,0.0004958835285087243
0.66929,0.000129402,0.001257160066840244,0.00280263,0.035081638477483704,4.43561e-05,0.000507407589590595
0.67124,0.000128569,0.0012490673454319358,0.00257153,0.03218886752586095,4.28553e-05,0.0004902393238851438
0.6732,0.000129936,0.0012623479578751022,0.00229822,0.028767737154644958,4.47467e-05,0.0005118758229225175
0.67515,0.000129124,0.0012544592546535577,0.00202917,0.025399930903956498,4.53943e-05,0.000519283984483585
0.6771,0.000132199,0.001284333346286869,0.00174391,0.021829217612481352,4.51887e-05,0.000516932041900269
0.67906,0.000129463,0.0012577526910970349,0.00146648,0.01835651555662371,4.4757e-05,0.0005119936488398723
0.68101,0.000130358,0.0012664477519138849,0.00120333,0.015062561961125967,4.43047e-05,0.000506819603944766
0.68297,0.000129535,0.0012584521820230834,0.00096996,0.012141376513353562,4.51476e-05,0.0005164618821717948
0.68492,0.000129556,0.0012586562002098473,0.00077078,0.00964816094371176,4.24955e-05,0.00048612342436434063
0.68687,0.000130338,0.0012662534488788715,0.00059567,0.0074562391724497055,4.5271e-05,0.0005178735052981625
0.68883,0.000130687,0.0012696440368398555,0.00044865,0.005615931144290564,4.47467e-05,0.0005118758229225175
0.69078,0.000129597,0.001259054521431625,0.00033176,0.0041527723535714645,4.51168e-05,0.0005161095483606755
0.69274,0.000131243,0.001275045661213228,0.00023882,0.0029894052733299287,4.51682e-05,0.0005166975340065045
0.69469,0.000129916,0.0012621536548400886,0.00016873,0.002112060764462603,4.37085e-05,0.0004999994280295274
0.69664,0.000130985,0.0012725391520615552,0.00011744,0.0014700433602707764,4.39552e-05,0.0005028215303413177
0.6986,0.000130728,0.0012700423580616332,8.052e-05,0.001007900982365488,4.47159e-05,0.0005115234891113981
0.70055,0.000131705,0.0012795340613220379,5.329e-05,0.0006670522025615606,4.45719e-05,0.0005098762141503207
0.70251,0.000130471,0.0012675455640617107,3.397e-05,0.0004252160503099308,4.43561e-05,0.000507407589590595
0.70446,0.00013331,0.001295126879881864,2.264e-05,0.0002833939175453881,4.41402e-05,0.000504937821089924
0.70641,0.000132744,0.0012896281039909844,1.302e-05,0.0001629765373869679,4.54663e-05,0.0005201076219641238
0.70837,0.000131489,0.001277435588543893,8.32e-06,0.00010414476121809315,4.48906e-05,0.0005135219539426497
0.71032,0.000131201,0.0012746376248397,4.72e-06,5.9082124152572074e-05,4.43047e-05,0.000506819603944766
0.71228,0.000130461,0.001267448412544204,2.97e-06,3.717667557905489e-05,4.36982e-05,0.0004998816021121726
0.71423,0.000129854,0.001261551315431547,1.55e-06,1.9401968736543795e-05,4.45205e-05,0.0005092882285044917
0.71618,0.000135007,0.0013116134924027515,1.04e-06,1.3018095152261644e-05,4.57746e-05,0.0005236343918981526
0.71814,0.000132425,0.0012865289705825207,5.1e-07,6.3838735842821525e-06,4.55382e-05,0.0005209301155037172
0.72009,0.00013475,0.001309116698402829,1.7e-07,2.127957861427384e-06,4.54046e-05,0.0005194018104009399
0.72205,0.000135038,0.0013119146621070222,1.5e-07,1.8776098777300447e-06,4.5271e-05,0.0005178735052981625
0.724,0.00013441,0.0013058135468076012,1e-07,1.2517399184866964e-06,4.63503e-05,0.0005302200599196267
0.72596,0.000132682,0.0012890257645824428,1e-08,1.2517399184866965e-07,4.60316e-05,0.0005265743201272977
0.72791,0.000133917,0.0013010239769945208,1e-08,1.2517399184866965e-07,4.54663e-05,0.0005201076219641238
0.72986,0.000133145,0.0012935238798430031,2e-08,2.503479836973393e-07,4.55999e-05,0.0005216359270669011
0.73182,0.000134143,0.0013032196012901724,0.0,0.0,4.51065e-05,0.0005159917224433206
0.73377,0.000133793,0.0012998192981774376,0.0,0.0,4.73063e-05,0.0005411561353556684
0.73573,0.000135912,0.001320405704737108,0.0,0.0,4.61242e-05,0.0005276336094425461
0.73768,0.000134719,0.0013088155286985583,0.0,0.0,4.69157e-05,0.000536687902023746
0.73963,0.000136364,0.001324796953328411,0.0,0.0,4.62989e-05,0.0005296320742737977
0.74159,0.000136282,0.001324000310884856,0.0,0.0,4.72343e-05,0.0005403324978751297
0.74354,0.000135274,0.0013142074379201803,0.0,0.0,4.64223e-05,0.0005310436974001654
0.7455,0.000136724,0.0013282944079586521,0.0,0.0,4.83856e-05,0.0005535026899771326
0.74745,0.0001362,0.0013232036684413012,0.0,0.0,4.73474e-05,0.0005416262950841426
0.7494,0.000138133,0.001341983056775347,0.0,0.0,4.86221e-05,0.0005562081103125132
0.75136,0.000136169,0.0013229024987370303,0.0,0.0,4.92183e-05,0.0005630282862277518
0.75331,0.000136879,0.0013298002564800062,0.0,0.0,4.94342e-05,0.0005654980547284227
0.75527,0.000137825,0.0013389907900361404,0.0,0.0,5.07499e-05,0.0005805488857443224
0.75722,0.000137928,0.0013399914506664595,0.0,0.0,4.95781e-05,0.0005671441857485549
0.75917,0.000137506,0.0013358916566276766,0.0,0.0,4.82212e-05,0.0005516220510632359
0.76113,0.000137856,0.0013392919597404113,0.0,0.0,4.97631e-05,0.0005692604764971613
0.76308,0.000138596,0.0013464811720359073,0.0,0.0,4.95781e-05,0.0005671441857485549
0.76504,0.000138051,0.001341186414331792,0.0,0.0,4.95883e-05,0.0005672608677249646
0.76699,0.000138802,0.0013484824932965453,0.0,0.0,5.05957e-05,0.0005787849288068353
0.76894,0.000138843,0.001348880814518323,0.0,0.0,4.8694e-05,0.0005570306038521067
0.7709,0.000138442,0.0013449850386663038,0.0,0.0,4.93108e-05,0.000564086431602055
0.77285,0.000140211,0.00136217114211324,0.0,0.0,4.91874e-05,0.0005626748084756873
0.77481,0.000139892,0.001359072008704776,0.0,0.0,5.02462e-05,0.000574786855203387
0.77676,0.000140365,0.001363667275482843,0.0,0.0,4.89716e-05,0.0005602061839159615
0.77871,0.000141517,0.0013748591302996153,0.0,0.0,4.85912e-05,0.0005558546325604487
0.78067,0.000139841,0.0013585765359654918,0.0,0.0,4.83342e-05,0.0005529147043313036
0.78262,0.000142494,0.0013843508335600204,0.0,0.0,4.80156e-05,0.0005492701084799198
0.78458,0.000141548,0.0013751603000038862,0.0,0.0,4.81081e-05,0.000550328253854223
0.78653,0.0001427,0.0013863521548206584,0.0,0.0,4.89819e-05,0.0005603240098333164
0.78848,0.000142936,0.0013886449306338166,0.0,0.0,4.90846e-05,0.0005614988371840293
0.79044,0.000143656,0.0013956398398942992,0.0,0.0,4.76969e-05,0.0005456243686875909
0.79239,0.000142,0.0013795515485951892,0.0,0.0,4.9393e-05,0.0005650267510590033
0.79435,0.000148202,0.0014398049197528466,0.0,0.0,4.81389e-05,0.0005506805876653424
0.7963,0.000145096,0.0014096296584152645,0.0,0.0,4.83137e-05,0.0005526801964375391
0.79826,0.000145219,0.001410824622080597,0.0,0.0,4.93622e-05,0.000564674417247884
0.80021,0.000147585,0.0014338106711226828,0.0,0.0,4.93416e-05,0.0005644387654131744
0.80216,0.00014706,0.0014287102164535809,0.0,0.0,4.84268e-05,0.000553973993646552
0.80412,0.0001485,0.0014427000349745464,0.0,0.0,4.90949e-05,0.0005616166631013842
0.80607,0.000149158,0.0014490926048264876,0.0,0.0,4.90333e-05,0.0005609119954791454
0.80803,0.000149817,0.0014554948898301793,0.0,0.0,4.80156e-05,0.0005492701084799198
0.80998,0.000148305,0.0014408055803831657,0.0,0.0,4.86426e-05,0.0005564426182062777
0.81193,0.000151781,0.0014745754478684959,0.0,0.0,4.93622e-05,0.000564674417247884
0.81389,0.000152799,0.0014844654723506782,0.0,0.0,4.85707e-05,0.0005556201246666843
0.81584,0.000153169,0.0014880600784984263,0.0,0.0,4.94033e-05,0.0005651445769763582
0.8178,0.000152501,0.0014815703571289785,0.0,0.0,4.91772e-05,0.0005625581264992776
0.81975,0.000152244,0.0014790735631290562,0.0,0.0,4.98042e-05,0.0005697306362256355
0.8217,0.000153416,0.0014904597209808418,0.0,0.0,5.0421e-05,0.0005767864639755837
0.82366,0.000155381,0.001509549994170909,0.0,0.0,5.10275e-05,0.0005837244658081772
0.82561,0.000153632,0.0014925581937589867,0.0,0.0,4.89921e-05,0.0005604406918097261
0.82757,0.000153591,0.001492159872537209,0.0,0.0,5.05752e-05,0.0005785504209130708
0.82952,0.000156995,0.0015252302490964909,0.0,0.0,5.03387e-05,0.0005758450005776902
0.83147,0.000153262,0.0014889635876112386,0.0,0.0,4.96397e-05,0.0005678488533707935
0.83343,0.000154805,0.0015039540667625229,0.0,0.0,5.06985e-05,0.0005799609000984934
0.83538,0.000154733,0.0015032545758364745,0.0,0.0,5.13564e-05,0.0005874868875769157
0.83734,0.000155926,0.0015148447518750243,0.0,0.0,5.07088e-05,0.0005800787260158482
0.83929,0.000157088,0.0015261337582093033,0.0,0.0,5.07191e-05,0.000580196551933203
0.84124,0.000155206,0.0015078498426145416,0.0,0.0,5.12125e-05,0.0005858407565567835
0.8432,0.000155926,0.0015148447518750243,0.0,0.0,4.95061e-05,0.0005663205482680162
0.84515,0.000155165,0.0015074515213927642,0.0,0.0,5.10172e-05,0.0005836066398908223
0.84711,0.000154517,0.00150115610305833,0.0,0.0,5.13461e-05,0.0005873690616595609
0.84906,0.000155967,0.0015152430730968017,0.0,0.0,5.11714e-05,0.0005853705968283094
0.85101,0.000155669,0.001512347957875102,0.0,0.0,5.20246e-05,0.000595130700972693
0.85297,0.000153787,0.0014940640422803405,0.0,0.0,5.10275e-05,0.0005837244658081772
0.85492,0.000154362,0.001499650254536976,0.0,0.0,5.23741e-05,0.0005991287745761413
0.85688,0.000154496,0.0015009520848715658,0.0,0.0,5.20143e-05,0.0005950128750553382
0.85883,0.000155154,0.001507344654723507,0.0,0.0,5.39366e-05,0.0006170028518447764
0.86078,0.000155196,0.0015077526910970349,0.0,0.0,5.21479e-05,0.0005965411801581156
0.86274,0.000157252,0.0015277270430964134,0.0,0.0,5.15826e-05,0.0005900744819949416
0.86469,0.000158312,0.0015380251039521238,0.0,0.0,5.45739e-05,0.0006242931874884892
0.86665,0.000157571,0.0015308261765048772,0.0,0.0,5.43169e-05,0.0006213532592593441
0.8686,0.00015753,0.0015304278552830996,0.0,0.0,5.2076e-05,0.000595718686618522
0.87056,0.000159258,0.001547215637508258,0.0,0.0,5.22816e-05,0.0005980706292018381
0.87251,0.000159762,0.0015521120739905958,0.0,0.0,5.27236e-05,0.0006031268481795895
0.87446,0.000161243,0.0015665002137333385,0.0,0.0,5.35562e-05,0.0006126513004892635
0.87642,0.000161479,0.0015687929895464967,0.0,0.0,5.3289e-05,0.0006095946902837088
0.87837,0.000159824,0.0015527144133991374,0.0,0.0,5.29395e-05,0.0006055966166802605
0.88033,0.000162014,0.0015739905957331056,0.0,0.0,5.32376e-05,0.0006090067046378798
0.88228,0.000162611,0.0015797905413282556,0.0,0.0,5.35871e-05,0.000613004778241328
0.88423,0.000162189,0.0015756907472894727,0.0,0.0,5.3474e-05,0.0006117109810323153
0.88619,0.000163907,0.0015923813779971244,0.0,0.0,5.41627e-05,0.0006195893023218569
0.88814,0.000165305,0.0016059631601445616,0.0,0.0,5.44197e-05,0.000622529230551002
0.8901,0.000163392,0.001587378074845529,0.0,0.0,5.46253e-05,0.0006248811731343182
0.89205,0.000164647,0.0015995705902926204,0.0,0.0,5.4173e-05,0.0006197071282392117
0.894,0.000162282,0.001576594256402285,0.0,0.0,5.38132e-05,0.0006155912287184087
0.89596,0.000162518,0.0015788870322154434,0.0,0.0,5.44608e-05,0.0006229993902794762
0.89791,0.000167362,0.0016259472272956905,0.0,0.0,5.49029e-05,0.0006280567531981729
0.89987,0.000164956,0.0016025725721835777,0.0,0.0,5.52215e-05,0.0006317013490495566
0.90182,0.00016657,0.0016182528271091595,0.0,0.0,5.58383e-05,0.0006387571767995049
0.90377,0.00016728,0.0016251505848521356,0.0,0.0,5.5201e-05,0.0006314668411557922
0.90573,0.000170355,0.0016550246764854466,0.0,0.0,5.65887e-05,0.0006473413096522306
0.90768,0.000168308,0.0016351377608518245,0.0,0.0,5.70204e-05,0.0006522797027126272
0.90964,0.000169183,0.0016436385186336612,0.0,0.0,5.5057e-05,0.0006298195661947148
0.91159,0.000171867,0.0016697139859324604,0.0,0.0,5.57355e-05,0.0006375812055078469
0.91354,0.000171672,0.0016678195313410795,0.0,0.0,5.71232e-05,0.0006534556740042853
0.9155,0.000173142,0.0016821008044145649,0.0,0.0,5.60336e-05,0.0006409912934654662
0.91745,0.000174418,0.0016944973380484203,0.0,0.0,5.61261e-05,0.0006420494388397693
0.91941,0.000172607,0.0016769031982279564,0.0,0.0,5.70821e-05,0.0006529855142758111
0.92136,0.000173821,0.0016886973924532703,0.0,0.0,5.58486e-05,0.0006388750027168597
0.92331,0.000172967,0.0016804006528581977,0.0,0.0,5.76783e-05,0.0006598056901910496
0.92527,0.00017523,0.0017023860412699646,0.0,0.0,5.8182e-05,0.000665567720731985
0.92722,0.00017741,0.001723565072086426,0.0,0.0,5.77914e-05,0.0006610994874000624
0.92918,0.000175816,0.0017080791201958575,0.0,0.0,5.82129e-05,0.0006659211984840495
0.93113,0.000177668,0.001726071581238099,0.0,0.0,5.774e-05,0.0006605115017542335
0.93309,0.00017812,0.0017304628298294021,0.0,0.0,5.86549e-05,0.0006709774174618009
0.93504,0.000177472,0.0017241674114949676,0.0,0.0,5.98576e-05,0.0006847355952096329
0.93699,0.000179971,0.0017484455757198927,0.0,0.0,5.85624e-05,0.0006699192720874978
0.93895,0.000175713,0.0017070784595655385,0.0,0.0,5.89016e-05,0.0006737995197735912
0.9409,0.000177626,0.0017256635448645709,0.0,0.0,6.11734e-05,0.0006997875701664778
0.94286,0.000177719,0.0017265670539773834,0.0,0.0,5.8881e-05,0.0006735638679388815
0.94481,0.0001756,0.001705980647417713,0.0,0.0,5.90558e-05,0.0006755634767110783
0.94676,0.000176546,0.001715171180973847,0.0,0.0,5.95184e-05,0.0006808553475235395
0.94872,0.000173502,0.0016855982590448062,0.0,0.0,6.01351e-05,0.0006879100313325425
0.95067,0.00017452,0.0016954882835269888,0.0,0.0,6.0166e-05,0.000688263509084607
0.95263,0.000170201,0.0016535285431158436,0.0,0.0,6.08958e-05,0.000696611990102623
0.95458,0.000172021,0.0016712101193020637,0.0,0.0,6.06902e-05,0.0006942600475193069
0.95653,0.000165511,0.0016079644814051995,0.0,0.0,6.09266e-05,0.0006969643239137423
0.95849,0.000163773,0.0015910795476625347,0.0,0.0,6.30237e-05,0.0007209539094753774
0.96044,0.00016367,0.0015900788870322157,0.0,0.0,6.22013e-05,0.0007115461391421129
0.9624,0.000158641,0.0015412213888780944,0.0,0.0,6.2777e-05,0.0007181318071635869
0.96435,0.000153375,0.0014900613997590644,0.0,0.0,6.07622e-05,0.0006950836849998456
0.9663,0.000151976,0.0014764699024598766,0.0,0.0,6.17182e-05,0.0007060197604358872
0.96826,0.000145919,0.0014176252283060662,0.0,0.0,6.17387e-05,0.0007062542683296518
0.97021,0.000142206,0.0013815528698558272,0.0,0.0,6.13995e-05,0.0007023740206435582
0.97217,0.000139717,0.0013573718571484087,0.0,0.0,6.27153e-05,0.0007174259956004032
0.97412,0.000133166,0.0012937278980297672,0.0,0.0,6.30751e-05,0.0007215418951212062
0.97607,0.000131644,0.0012789414370652469,0.0,0.0,6.27256e-05,0.000717543821517758
0.97803,0.000129576,0.0012588505032448609,0.0,0.0,6.31676e-05,0.0007226000404955095
0.97998,0.000125133,0.0012156860840166325,0.0,0.0,6.24891e-05,0.0007148384011823773
0.98194,0.00012139,0.0011793222710138732,0.0,0.0,6.38871e-05,0.0007308306955961705
0.98389,0.000123282,0.0011977033381261417,0.0,0.0,6.40105e-05,0.0007322423187225383
0.98584,0.000118428,0.0011505459915283876,0.0,0.0,6.32704e-05,0.0007237760117871675
0.9878,0.000118397,0.001150244821824117,0.0,0.0,6.29003e-05,0.0007195422863490096
0.98975,0.000117276,0.0011393541367116155,0.0,0.0,6.44114e-05,0.0007368283779718157
0.99171,0.000114931,0.0011165721058562935,0.0,0.0,6.57169e-05,0.0007517625270113056
0.99366,0.000112576,0.0010936929234834649,0.0,0.0,6.53571e-05,0.0007476466274905024
0.99561,0.000110005,0.0010687152683324915,0.0,0.0,6.58814e-05,0.0007536443098661475
0.99757,0.000110354,0.0010721058562934752,0.0,0.0,6.74233e-05,0.0007712827353000729
0.99952,0.00010946,0.001063420510628376,0.0,0.0,6.60253e-05,0.0007552904408862797
1.0015,0.000106457,0.0010342459099211131,0.0,0.0,6.56552e-05,0.0007510567154481217
1.0034,0.000107382,0.001043232425290483,0.0,0.0,6.75055e-05,0.0007722230547570213
1.0054,0.000107917,0.0010484300314770917,0.0,0.0,6.70018e-05,0.0007664610242160859
1.0073,0.000106035,0.00103014611588233,0.0,0.0,6.68579e-05,0.0007648148931959537
1.0093,0.000106025,0.0010300489643648234,0.0,0.0,6.74439e-05,0.0007715183871347827
1.0112,0.000103947,0.0010098608790269305,0.0,0.0,6.67654e-05,0.0007637567478216505
1.0132,0.000105264,0.0010226557338825634,0.0,0.0,6.81943e-05,0.0007801025199875082
1.0152,0.000103309,0.0010036626122100027,0.0,0.0,6.85026e-05,0.0007836292899215372
1.0171,0.000103721,0.001007665254731279,0.0,0.0,6.79989e-05,0.0007778672593806018
1.0191,0.000101962,0.0009905763028018497,0.0,0.0,6.84615e-05,0.000783159130193063
1.021,0.000103073,0.0010013698363968446,0.0,0.0,6.92633e-05,0.0007923312486916175
1.023,0.000101633,0.000987380017875879,0.0,0.0,6.78961e-05,0.0007766912880889437
1.0249,0.000100491,0.0009762853145766137,0.0,0.0,7.10622e-05,0.0008129096023546882
1.0269,0.000101458,0.000985679866319512,0.0,0.0,7.01268e-05,0.0008022091787533561
1.0288,0.000101129,0.0009824835813935413,0.0,0.0,7.0538e-05,0.0008069130639199881
1.0308,0.000100944,0.0009806862783196674,0.0,0.0,7.15351e-05,0.0008183192990845042
1.0327,9.95761e-05,0.0009673969222399254,0.0,0.0,6.99418e-05,0.0008000928880047497
1.0347,9.85168e-05,0.0009571056619904404,0.0,0.0,6.86774e-05,0.0007856288986937338
1.0367,0.00010007,0.0009721952356895815,0.0,0.0,7.03941e-05,0.000805266932899856
1.0386,0.000100183,0.0009732930478374073,0.0,0.0,6.89858e-05,0.000789156812568708
1.0406,9.79923e-05,0.0009520100648972138,0.0,0.0,6.98595e-05,0.0007991514246068562
1.0425,9.72312e-05,0.0009446158628997785,0.0,0.0,6.97156e-05,0.0007975052935867238
1.0445,9.91236e-05,0.000963000816072747,0.0,0.0,6.98081e-05,0.0007985634389610271
1.0464,9.95555e-05,0.0009671967901138616,0.0,0.0,6.87905e-05,0.0007869226959027468
1.0484,0.000101006,0.000981288617728209,0.0,0.0,6.84615e-05,0.000783159130193063
1.0503,9.86813e-05,0.0009587038044534256,0.0,0.0,6.58814e-05,0.0007536443098661475
1.0523,0.000100275,0.0009741868417984689,0.0,0.0,6.47917e-05,0.0007411787853863833
1.0542,9.92058e-05,0.0009637994015466521,0.0,0.0,6.23863e-05,0.0007136624298907194
1.0562,9.94115e-05,0.000965797808261765,0.0,0.0,6.1677e-05,0.0007055484567664679
1.0581,0.000100255,0.0009739925387634555,0.0,0.0,5.81203e-05,0.0006648619091688011
1.0601,0.000100224,0.0009736913690591847,0.0,0.0,5.75241e-05,0.0006580417332535625
1.0621,9.73546e-05,0.0009458147126258113,0.0,0.0,5.36385e-05,0.0006135927638871571
1.064,9.97715e-05,0.0009692952628920064,0.0,0.0,5.05443e-05,0.0005781969431610063
1.066,9.97406e-05,0.0009689950647029107,0.0,0.0,4.81801e-05,0.0005511518913347618
1.0679,9.90207e-05,0.0009620011269576032,0.0,0.0,4.63709e-05,0.0005304557117543364
1.0699,9.99566e-05,0.0009710935374810556,0.0,0.0,4.31945e-05,0.0004941195715712373
1.0718,0.000101006,0.000981288617728209,0.0,0.0,4.07891e-05,0.0004666032160755733
1.0738,0.000100265,0.0009740896902809623,0.0,0.0,3.73763e-05,0.0004275627994980388
1.0757,0.000101109,0.000982289278358528,0.0,0.0,3.55979e-05,0.0004072189537287327
1.0777,0.000100399,0.000975391520615552,0.0,0.0,3.32234e-05,0.0003800560759851333
1.0796,0.000101139,0.000982580732911048,0.0,0.0,3.12291e-05,0.00035724246171515647
1.0816,0.000101972,0.0009906734543193565,0.0,0.0,2.89677e-05,0.00033137338118056995
1.0835,0.000102538,0.0009961722302102359,0.0,0.0,2.79397e-05,0.00031961366826398956
1.0855,0.000101438,0.0009854855632844986,0.0,0.0,2.59249e-05,0.00029656554610024813
1.0875,0.000102816,0.0009988730423969223,0.0,0.0,2.52054e-05,0.00028833489099958705
1.0894,0.000100872,0.0009799867873936192,0.0,0.0,2.42082e-05,0.000276927511894126
1.0914,0.000101119,0.0009823864298760347,0.0,0.0,2.27588e-05,0.00026034723183450376
1.0933,0.000102353,0.000994374927136362,0.0,0.0,2.21935e-05,0.0002538805336713298
1.0953,9.94013e-05,0.0009656987137139083,0.0,0.0,2.12477e-05,0.0002430611402116977
1.0972,0.000100728,0.0009785878055415225,0.0,0.0,2.05076e-05,0.00023459483327632695
1.0992,9.87842e-05,0.0009597034935685695,0.0,0.0,1.94488e-05,0.0002224827865486272
1.1011,9.95761e-05,0.0009673969222399254,0.0,0.0,1.83489e-05,0.0002099005800924533
1.1031,9.94115e-05,0.000965797808261765,0.0,0.0,1.80817e-05,0.00020684396988689856
1.105,9.84242e-05,0.0009562060389383283,0.0,0.0,1.76499e-05,0.0002019044328855567
1.107,9.25002e-05,0.0008986534799673571,0.0,0.0,1.62005e-05,0.0001853241528259345
1.109,9.33333e-05,0.0009067471728908406,0.0,0.0,1.60874e-05,0.00018403035561692166
1.1109,9.04125e-05,0.0008783711576574826,0.0,0.0,1.52548e-05,0.00017450590330724767
1.1129,8.79544e-05,0.00085449034313916,0.0,0.0,1.47408e-05,0.00016862604684895747
1.1148,8.28121e-05,0.0008045321182916877,0.0,0.0,1.52342e-05,0.000174270251472538
1.1168,8.24213e-05,0.0008007354369875257,0.0,0.0,1.40007e-05,0.0001601597399135867
1.1187,7.77212e-05,0.0007550732522442,0.0,0.0,1.30139e-05,0.00014887133066642568
1.1207,7.33502e-05,0.0007126083239420199,0.0,0.0,1.28494e-05,0.00014698954781158376
1.1226,7.13858e-05,0.0006935238798430032,0.0,0.0,1.20065e-05,0.00013734726958455497
1.1246,6.94215e-05,0.0006744404072591615,0.0,0.0,1.19242e-05,0.00013640580618666143
1.1265,6.57601e-05,0.000638869350639257,0.0,0.0,1.13486e-05,0.00012982128210613255
1.1285,6.47214e-05,0.0006287782225158357,0.0,0.0,1.06907e-05,0.00012229529462771016
1.1304,6.41969e-05,0.0006236826254226092,0.0,0.0,1.03206e-05,0.00011806156918955217
1.1324,6.42894e-05,0.000624581276959546,0.0,0.0,1.01664e-05,0.0001162976122520651
1.1344,6.53179e-05,0.0006345733105351105,0.0,0.0,9.91973e-06,0.0001134758531225584
1.1363,6.89072e-05,0.0006694439047137917,0.0,0.0,8.52171e-06,9.74833299205762e-05
1.1383,7.40084e-05,0.0007190028368243113,0.0,0.0,9.15904e-06,0.00010477400874657246
1.1402,8.61443e-05,0.0008369049469552714,0.0,0.0,8.58339e-06,9.818891269557102e-05
1.1422,9.93087e-05,0.0009647990906617962,0.0,0.0,8.60395e-06,9.842410695390261e-05
1.1441,0.00012031,0.0011688299071231493,0.0,0.0,8.11053e-06,9.277967354213307e-05
1.1461,0.000146299,0.0014213169859713208,0.0,0.0,7.67879e-06,8.784082290535833e-05
1.148,0.000178459,0.0017337562662728793,0.0,0.0,7.31901e-06,8.372515217274424e-05
1.15,0.000218446,0.002122236039326934,0.0,0.0,7.00034e-06,8.007975556269884e-05
1.1519,0.000270343,0.002626423269731473,0.0,0.0,6.78448e-06,7.761044463840599e-05
1.1539,0.000328852,0.0031948470835114445,0.0,0.0,6.93867e-06,7.937428718179853e-05
1.1558,0.000393275,0.0038207263047448804,0.0,0.0,6.6714e-06,7.631687621758215e-05
1.1578,0.000465535,0.004522743170248319,0.0,0.0,5.72569e-06,6.549851230480078e-05
1.1598,0.000536273,0.005209973574787238,0.0,0.0,6.20882e-06,7.102523419331001e-05
1.1617,0.000620648,0.006029689503750049,0.0,0.0,5.82848e-06,6.66743692023643e-05
1.1637,0.000691571,0.006718717211362841,0.0,0.0,6.22938e-06,7.126042845164162e-05
1.1656,0.000760355,0.007386964209380951,0.0,0.0,5.49954e-06,6.291148985724761e-05
1.1676,0.00082229,0.007988672133058719,0.0,0.0,5.63317e-06,6.444013814230855e-05
1.1695,0.000867305,0.008425999689115143,0.0,0.0,5.93128e-06,6.785034049402234e-05
1.1715,0.000901049,0.008753827769789765,0.0,0.0,5.55093e-06,6.349936110898211e-05
1.1734,0.000916384,0.008902809621886294,0.0,0.0,5.17059e-06,5.9148496118036406e-05
1.1754,0.000912054,0.008860743014805892,0.0,0.0,4.82109e-06,5.51504225145881e-05
1.1773,0.000888111,0.008628133136439592,0.0,0.0,5.30423e-06,6.067725879719186e-05
1.1793,0.000855139,0.008307805152916488,0.0,0.0,4.83137e-06,5.526801964375391e-05
1.1813,0.000800651,0.007778445964325963,0.0,0.0,4.52298e-06,5.1740220162874317e-05
1.1832,0.000741524,0.007204018186764078,0.0,0.0,4.15292e-06,4.7506952301094415e-05
1.1852,0.000664657,0.006457243617145301,0.0,0.0,4.40991e-06,5.044676613614499e-05
1.1871,0.000584241,0.005675989973963394,0.0,0.0,4.6669e-06,5.338657997119557e-05
1.1891,0.000504535,0.004901634088524462,0.0,0.0,4.49214e-06,5.13874287753769e-05
1.191,0.000426813,0.004146553064158862,0.0,0.0,4.09124e-06,4.680136952609959e-05
1.193,0.000358955,0.0034873022966618737,0.0,0.0,4.20432e-06,4.8094937946923435e-05
1.1949,0.00028869,0.002804667158901022,0.0,0.0,3.79314e-06,4.339128156848031e-05
1.1969,0.000234429,0.0022775133097578987,0.0,0.0,3.61839e-06,4.1392244766756166e-05
1.1988,0.000183489,0.0017826234795787512,0.0,0.0,4.08096e-06,4.6683772396933786e-05
1.2008,0.000145538,0.0014139237554890607,0.0,0.0,3.45391e-06,3.95106907001033e-05
1.2027,0.000109593,0.0010647126258112153,0.0,0.0,3.97817e-06,4.550791549937026e-05
1.2047,8.26167e-05,0.0008026337776396068,0.0,0.0,3.8137e-06,4.362647582681192e-05
1.2067,6.14097e-05,0.0005966045544631408,0.0,0.0,3.84454e-06,4.397926721430933e-05
1.2086,4.58902e-05,0.00044583025686861235,0.0,0.0,3.53615e-06,4.045146773342973e-05
1.2106,3.37748e-05,0.0003281273073485408,0.0,0.0,3.29972e-06,3.774684815671076e-05
1.2125,2.61436e-05,0.00025398904130882527,0.0,0.0,2.81659e-06,3.222012626820153e-05
1.2145,1.92426e-05,0.0001869447790774492,0.0,0.0,3.14553e-06,3.598300561331822e-05
1.2164,1.59515e-05,0.00015497124315081803,0.0,0.0,3.54643e-06,4.056906486259554e-05
1.2184,1.27016e-05,0.00012339797147631446,0.0,0.0,3.52587e-06,4.033387060426393e-05
1.2203,1.05726e-05,0.00010271441339913729,0.0,0.0,3.48475e-06,3.986348208760071e-05
1.2223,9.55445e-06,9.282293164419228e-05,0.0,0.0,4.12208e-06,4.7154160913597e-05
1.2242,9.06079e-06,8.802694983095637e-05,0.0,0.0,4.18376e-06,4.7859743688591826e-05
1.2262,8.10431e-06,7.873460148447519e-05,0.0,0.0,4.92388e-06,5.632627941215163e-05
1.2281,7.32268e-06,7.114094742159872e-05,0.0,0.0,5.27339e-06,6.0324467409694446e-05
1.2301,8.32029e-06,8.083287995958498e-05,0.0,0.0,7.16482e-06,8.19613096293517e-05
1.2321,6.8393e-06,6.64448373683597e-05,0.0,0.0,8.13109e-06,9.301486780046467e-05
1.234,6.64389e-06,6.45463995647612e-05,0.0,0.0,1.03103e-05,0.00011794374327219732
1.236,6.28393e-06,6.10493335405899e-05,0.0,0.0,1.38157e-05,0.00015804344916498032
1.2379,5.94453e-06,5.775201103641239e-05,0.0,0.0,1.83695e-05,0.000210136231927163
1.2399,6.29421e-06,6.11492053005868e-05,0.0,0.0,2.48661e-05,0.0002844534993725484
1.2418,5.72856e-06,5.565382971282012e-05,0.0,0.0,3.26066e-05,0.00037300024823518513
1.2438,5.82112e-06,5.655306415886216e-05,0.0,0.0,4.36776e-05,0.0004996459502774629
1.2457,5.89311e-06,5.725245793339293e-05,0.0,0.0,5.89119e-05,0.000673917345690946
1.2477,5.70799e-06,5.545398904130883e-05,0.0,0.0,7.76925e-05,0.000888756318843796
1.2496,5.67713e-06,5.515417945828314e-05,0.0,0.0,0.000101777,0.0011642687757887186
1.2516,5.82112e-06,5.655306415886216e-05,0.0,0.0,0.000130005,0.0014871804257976988
1.2536,4.99835e-06,4.855972875296313e-05,0.0,0.0,0.000164688,0.0018839334638188637
1.2555,5.50229e-06,5.345558232619594e-05,0.0,0.0,0.000203863,0.0023320723290980827
1.2575,5.14233e-06,4.9958516302024644e-05,0.0,0.0,0.000249258,0.0028513643211682837
1.2594,5.23489e-06,5.0857750748066684e-05,0.0,0.0,0.000291753,0.003337482025827899
1.2614,5.08062e-06,4.935899428749077e-05,0.0,0.0,0.000347499,0.00397518334513499
1.2633,4.81322e-06,4.6761162709361516e-05,0.0,0.0,0.000395381,0.004522925148512133
1.2653,4.67952e-06,4.54622469202969e-05,0.0,0.0,0.000443859,0.005077484839922624
1.2672,4.41212e-06,4.286441534216765e-05,0.0,0.0,0.000486611,0.005566542472811384
1.2692,4.66924e-06,4.536237516030001e-05,0.0,0.0,0.000524574,0.006000816773834868
1.2711,4.51497e-06,4.386361869972409e-05,0.0,0.0,0.000558465,0.006388509799570107
1.2731,4.4224e-06,4.296428710216454e-05,0.0,0.0,0.000578356,0.006616051092978376
1.275,4.73094e-06,4.596180002331637e-05,0.0,0.0,0.000586641,0.0067108266002875875
1.277,4.54582e-06,4.4163331131232274e-05,0.0,0.0,0.000586158,0.006705301365522307
1.279,5.03948e-06,4.8959312944468194e-05,0.0,0.0,0.000564366,0.006456013754745925
1.2809,5.25546e-06,5.105759141957797e-05,0.0,0.0,0.00053915,0.006167557606006147
1.2829,6.21194e-06,6.034993976605915e-05,0.0,0.0,0.000504004,0.00576550812140874
1.2848,6.0371e-06,5.865134263397195e-05,0.0,0.0,0.000461612,0.005280568675922675
1.2868,7.7752e-06,7.553724789181208e-05,0.0,0.0,0.000415631,0.0047545731899136445
1.2887,9.5236e-06,9.25232192126841e-05,0.0,0.0,0.000365601,0.004182259535033764
1.2907,1.22285e-05,0.00011880173318307232,0.0,0.0,0.000316588,0.0036215797595664924
1.2926,1.55401e-05,0.00015097442972059223,0.0,0.0,0.000264882,0.0030300936544451827
1.2946,2.00551e-05,0.00019483833987486886,0.0,0.0,0.000220495,0.0025223325871025232
1.2965,2.74498e-05,0.0002666789725255509,0.0,0.0,0.000177455,0.002029980404291609
1.2985,3.63049e-05,0.0003527076127929118,0.0,0.0,0.000139318,0.0015937156460234898
1.3004,4.94589e-05,0.0004805007189212296,0.0,0.0,0.000109713,0.001255051929199207
1.3024,6.46802e-05,0.0006283779582637081,0.0,0.0,8.63273e-05,0.0009875333315792906
1.3044,8.66586e-05,0.0008419014495006412,0.0,0.0,6.44936e-05,0.0007377686974287639
1.3063,0.000115795,0.0011249659969688726,0.0,0.0,4.57027e-05,0.0005228118983585592
1.3083,0.000148192,0.00143970776823534,0.0,0.0,3.15581e-05,0.0003610060274248402
1.3102,0.000190091,0.0018467629114366768,0.0,0.0,2.31186e-05,0.0002644631313553069
1.3122,0.000237133,0.0023037830800917113,0.0,0.0,1.61799e-05,0.00018508850099122485
1.3141,0.000291992,0.0028367465899817356,0.0,0.0,1.02795e-05,0.00011759140946107799
1.3161,0.000352311,0.0034227548284304203,0.0,0.0,7.1751e-06,8.20789067585175e-05
1.318,0.000415778,0.004039346364590215,0.0,0.0,4.10152e-06,4.691896665526539e-05
1.32,0.000483544,0.004697703338126142,0.0,0.0,2.79603e-06,3.1984932009869926e-05
1.3219,0.000551392,0.005356856954105624,0.0,0.0,2.04562e-06,2.3400684763049794e-05
1.3239,0.000615609,0.005980734854078421,0.0,0.0,1.21298e-06,1.387577487699775e-05
1.3259,0.000669305,0.006502399642482416,0.0,0.0,6.37329e-07,7.290667386586835e-06
1.3278,0.000714671,0.006943137216803326,0.0,0.0,4.52298e-07,5.1740220162874315e-06
1.3298,0.000756283,0.007347404111452221,0.0,0.0,2.36429e-07,2.7046081373095195e-06
1.3317,0.000777263,0.007551227995181285,0.0,0.0,6.1677e-08,7.055484567664679e-07
1.3337,0.000781552,0.00759289628103991,0.0,0.0,6.1677e-08,7.055484567664679e-07
1.3356,0.000774363,0.007523054055104342,0.0,0.0,4.1118e-08,4.703656378443119e-07
1.3376,0.000742841,0.007216813041619711,0.0,0.0,2.0559e-08,2.3518281892215595e-07
1.3395,0.000707101,0.006869593518050753,0.0,0.0,1.02795e-08,1.1759140946107798e-07
1.3415,0.000654598,0.006359518905685308,0.0,0.0,2.0559e-08,2.3518281892215595e-07
1.3434,0.000596613,0.0057961858314226865,0.0,0.0,0.0,0.0
1.3454,0.00053544,0.00520188085337893,0.0,0.0,0.0,0.0
1.3473,0.000467428,0.004541133952512338,0.0,0.0,0.0,0.0
1.3493,0.000395929,0.0038465103174911593,0.0,0.0,0.0,0.0
1.3513,0.000335434,0.003258792212334357,0.0,0.0,0.0,0.0
1.3532,0.000273767,0.0026596879493257686,0.0,0.0,0.0,0.0
1.3552,0.000219876,0.002136128706330393,0.0,0.0,0.0,0.0
1.3571,0.000174994,0.0017000932654568067,0.0,0.0,0.0,0.0
1.3591,0.000134935,0.0013109140014767031,0.0,0.0,0.0,0.0
1.361,0.000104472,0.0010149613336960324,0.0,0.0,0.0,0.0
1.363,7.64356e-05,0.0007425834531535382,0.0,0.0,0.0,0.0
1.3649,5.45087e-05,0.0005295602922317647,0.0,0.0,0.0,0.0
1.3669,3.79093e-05,0.0003682946022616873,0.0,0.0,0.0,0.0
1.3688,2.86736e-05,0.00027856837523802124,0.0,0.0,0.0,0.0
1.3708,1.87181e-05,0.0001818491819842226,0.0,0.0,0.0,0.0
1.3727,1.2465e-05,0.00012109936657210587,0.0,0.0,0.0,0.0
1.3747,8.1146e-06,7.88345703959896e-05,0.0,0.0,0.0,0.0
1.3767,5.13205e-06,4.985864454202775e-05,0.0,0.0,0.0,0.0
1.3786,3.3528e-06,3.2572960789647534e-05,0.0,0.0,0.0,0.0
1.3806,2.22149e-06,2.1582112462596667e-05,0.0,0.0,0.0,0.0
1.3825,1.23416e-06,1.1990051684607314e-05,0.0,0.0,0.0,0.0
1.3845,7.09642e-07,6.894279718649206e-06,0.0,0.0,0.0,0.0
1.3864,4.31956e-07,4.19651808961256e-06,0.0,0.0,0.0,0.0
1.3884,2.57117e-07,2.4979306726771073e-06,0.0,0.0,0.0,0.0
1.3903,1.43985e-07,1.3988361248202697e-06,0.0,0.0,0.0,0.0
1.3923,7.19926e-08,6.9941903392531e-07,0.0,0.0,0.0,0.0
1.3942,4.11386e-08,3.996677418101271e-07,0.0,0.0,0.0,0.0
1.3962,3.0854e-08,2.9975129211518287e-07,0.0,0.0,0.0,0.0
1.3982,1.02847e-08,9.991742121011931e-08,0.0,0.0,0.0,0.0
1.4001,0.0,0.0,0.0,0.0,0.0,0.0
1.4021,0.0,0.0,0.0,0.0,0.0,0.0
1.404,0.0,0.0,0.0,0.0,0.0,0.0
1.406,0.0,0.0,0.0,0.0,0.0,0.0
1.4079,0.0,0.0,0.0,0.0,0.0,0.0
1.4099,0.0,0.0,0.0,0.0,0.0,0.0
1.4118,0.0,0.0,0.0,0.0,0.0,0.0
1.4138,0.0,0.0,0.0,0.0,0.0,0.0
1.4157,0.0,0.0,0.0,0.0,0.0,0.0
1.4177,0.0,0.0,0.0,0.0,0.0,0.0
1.4196,0.0,0.0,0.0,0.0,0.0,0.0
1.4216,0.0,0.0,0.0,0.0,0.0,0.0
1.4236,0.0,0.0,0.0,0.0,0.0,0.0
1.4255,0.0,0.0,0.0,0.0,0.0,0.0
1.4275,0.0,0.0,0.0,0.0,0.0,0.0
1.4294,0.0,0.0,0.0,0.0,0.0,0.0
1.4314,0.0,0.0,0.0,0.0,0.0,0.0
1.4333,0.0,0.0,0.0,0.0,0.0,0.0
1.4353,0.0,0.0,0.0,0.0,0.0,0.0
1.4372,0.0,0.0,0.0,0.0,0.0,0.0
1.4392,0.0,0.0,0.0,0.0,0.0,0.0
1.4411,1.02847e-08,9.991742121011931e-08,0.0,0.0,0.0,0.0
1.4431,0.0,0.0,0.0,0.0,0.0,0.0
1.445,0.0,0.0,0.0,0.0,0.0,0.0
1.447,0.0,0.0,0.0,0.0,0.0,0.0
1.449,0.0,0.0,0.0,0.0,0.0,0.0
1.4509,0.0,0.0,0.0,0.0,0.0,0.0
1.4529,0.0,0.0,0.0,0.0,0.0,0.0
1.4548,0.0,0.0,0.0,0.0,0.0,0.0
1.4568,0.0,0.0,0.0,0.0,0.0,0.0
1.4587,0.0,0.0,0.0,0.0,0.0,0.0
1.4607,0.0,0.0,0.0,0.0,0.0,0.0
1.4626,0.0,0.0,0.0,0.0,0.0,0.0
1.4646,0.0,0.0,0.0,0.0,0.0,0.0
1.4665,0.0,0.0,0.0,0.0,0.0,0.0
1.4685,0.0,0.0,0.0,0.0,0.0,0.0
1.4705,0.0,0.0,0.0,0.0,0.0,0.0
1.4724,0.0,0.0,0.0,0.0,0.0,0.0
1.4744,0.0,0.0,0.0,0.0,0.0,0.0
1.4763,0.0,0.0,0.0,0.0,0.0,0.0
1.4783,0.0,0.0,0.0,0.0,0.0,0.0
1.4802,0.0,0.0,0.0,0.0,0.0,0.0
1.4822,0.0,0.0,0.0,0.0,0.0,0.0
1.4841,0.0,0.0,0.0,0.0,0.0,0.0
1.4861,0.0,0.0,0.0,0.0,0.0,0.0
1.488,0.0,0.0,0.0,0.0,0.0,0.0
1.49,0.0,0.0,0.0,0.0,0.0,0.0
1.4919,0.0,0.0,0.0,0.0,0.0,0.0
1.4939,0.0,0.0,0.0,0.0,0.0,0.0
1.4959,0.0,0.0,0.0,0.0,0.0,0.0
1.4978,1.02847e-08,9.991742121011931e-08,0.0,0.0,0.0,0.0
1.4998,1.02847e-08,9.991742121011931e-08,0.0,0.0,0.0,0.0
1.5017,0.0,0.0,0.0,0.0,0.0,0.0
1.5037,0.0,0.0,0.0,0.0,0.0,0.0
1.5056,0.0,0.0,0.0,0.0,0.0,0.0
1.5076,0.0,0.0,0.0,0.0,0.0,0.0
1.5095,1.02847e-08,9.991742121011931e-08,0.0,0.0,0.0,0.0
1.5115,0.0,0.0,0.0,0.0,0.0,0.0
1.5134,0.0,0.0,0.0,0.0,0.0,0.0
1.5154,0.0,0.0,0.0,0.0,0.0,0.0
1.5173,0.0,0.0,0.0,0.0,0.0,0.0
1.5193,0.0,0.0,0.0,0.0,0.0,0.0
1.5213,0.0,0.0,0.0,0.0,0.0,0.0
1.5232,0.0,0.0,0.0,0.0,0.0,0.0
1.5252,0.0,0.0,0.0,0.0,0.0,0.0
1.5271,0.0,0.0,0.0,0.0,0.0,0.0
1.5291,0.0,0.0,0.0,0.0,0.0,0.0
1.531,0.0,0.0,0.0,0.0,0.0,0.0
1.533,0.0,0.0,0.0,0.0,0.0,0.0
1.5349,0.0,0.0,0.0,0.0,0.0,0.0
1.5369,0.0,0.0,0.0,0.0,0.0,0.0
1.5388,0.0,0.0,0.0,0.0,0.0,0.0
1.5408,0.0,0.0,0.0,0.0,0.0,0.0
1.5428,0.0,0.0,0.0,0.0,0.0,0.0
1.5447,0.0,0.0,0.0,0.0,0.0,0.0
1.5467,0.0,0.0,0.0,0.0,0.0,0.0
1.5486,0.0,0.0,0.0,0.0,0.0,0.0
1.5506,0.0,0.0,0.0,0.0,0.0,0.0
1.5525,0.0,0.0,0.0,0.0,0.0,0.0
1.5545,0.0,0.0,0.0,0.0,0.0,0.0
1.5564,0.0,0.0,0.0,0.0,0.0,0.0
1.5584,0.0,0.0,0.0,0.0,0.0,0.0
1.5603,0.0,0.0,0.0,0.0,0.0,0.0
1.5623,0.0,0.0,0.0,0.0,0.0,0.0
1.5642,0.0,0.0,0.0,0.0,0.0,0.0
1.5662,0.0,0.0,0.0,0.0,0.0,0.0
1.5682,0.0,0.0,0.0,0.0,0.0,0.0
1.5701,0.0,0.0,0.0,0.0,0.0,0.0
1.5721,0.0,0.0,0.0,0.0,0.0,0.0
1.574,0.0,0.0,0.0,0.0,0.0,0.0
1.576,0.0,0.0,0.0,0.0,0.0,0.0
1.5779,0.0,0.0,0.0,0.0,0.0,0.0
1.5799,0.0,0.0,0.0,0.0,0.0,0.0
1.5818,0.0,0.0,0.0,0.0,0.0,0.0
1.5838,0.0,0.0,0.0,0.0,0.0,0.0
1.5857,0.0,0.0,0.0,0.0,0.0,0.0
1.5877,0.0,0.0,0.0,0.0,0.0,0.0
1.5896,0.0,0.0,0.0,0.0,0.0,0.0
1.5916,1.02847e-08,9.991742121011931e-08,0.0,0.0,0.0,0.0
1.5936,0.0,0.0,0.0,0.0,0.0,0.0
1.5955,0.0,0.0,0.0,0.0,0.0,0.0
1.5975,0.0,0.0,0.0,0.0,0.0,0.0
1.5994,0.0,0.0,0.0,0.0,0.0,0.0
1.6014,0.0,0.0,0.0,0.0,0.0,0.0
1.6033,0.0,0.0,0.0,0.0,0.0,0.0
1.6053,0.0,0.0,0.0,0.0,0.0,0.0
1.6072,0.0,0.0,0.0,0.0,0.0,0.0
1.6092,0.0,0.0,0.0,0.0,0.0,0.0
1.6111,0.0,0.0,0.0,0.0,0.0,0.0
1.6131,0.0,0.0,0.0,0.0,0.0,0.0
1.6151,0.0,0.0,0.0,0.0,0.0,0.0
1.617,0.0,0.0,0.0,0.0,0.0,0.0
1.619,0.0,0.0,0.0,0.0,0.0,0.0
1.6209,0.0,0.0,0.0,0.0,0.0,0.0
1.6229,0.0,0.0,0.0,0.0,0.0,0.0
1.6248,0.0,0.0,0.0,0.0,0.0,0.0
1.6268,0.0,0.0,0.0,0.0,0.0,0.0
1.6287,0.0,0.0,0.0,0.0,0.0,0.0
1.6307,0.0,0.0,0.0,0.0,0.0,0.0
1.6326,0.0,0.0,0.0,0.0,0.0,0.0
1.6346,0.0,0.0,0.0,0.0,0.0,0.0
1.6365,0.0,0.0,0.0,0.0,0.0,0.0
1.6385,0.0,0.0,0.0,0.0,0.0,0.0
1.6405,1.02847e-08,9.991742121011931e-08,0.0,0.0,0.0,0.0
1.6424,0.0,0.0,0.0,0.0,0.0,0.0
1.6444,0.0,0.0,0.0,0.0,0.0,0.0
1.6463,0.0,0.0,0.0,0.0,0.0,0.0
1.6483,0.0,0.0,0.0,0.0,0.0,0.0
1.6502,0.0,0.0,0.0,0.0,0.0,0.0
1.6522,0.0,0.0,0.0,0.0,0.0,0.0
1.6541,0.0,0.0,0.0,0.0,0.0,0.0
1.6561,0.0,0.0,0.0,0.0,0.0,0.0
1.658,0.0,0.0,0.0,0.0,0.0,0.0
1.66,0.0,0.0,0.0,0.0,0.0,0.0
1.6619,0.0,0.0,0.0,0.0,0.0,0.0
1.6639,0.0,0.0,0.0,0.0,0.0,0.0
1.6659,0.0,0.0,0.0,0.0,0.0,0.0
1.6678,0.0,0.0,0.0,0.0,0.0,0.0
1.6698,0.0,0.0,0.0,0.0,0.0,0.0
1.6717,0.0,0.0,0.0,0.0,0.0,0.0
1.6737,0.0,0.0,0.0,0.0,0.0,0.0
1.6756,0.0,0.0,0.0,0.0,0.0,0.0
1.6776,1.02847e-08,9.991742121011931e-08,0.0,0.0,0.0,0.0
1.6795,0.0,0.0,0.0,0.0,0.0,0.0
1.6815,0.0,0.0,0.0,0.0,0.0,0.0
1.6834,0.0,0.0,0.0,0.0,0.0,0.0
1.6854,0.0,0.0,0.0,0.0,0.0,0.0
1.6874,0.0,0.0,0.0,0.0,0.0,0.0
1.6893,0.0,0.0,0.0,0.0,0.0,0.0
1.6913,0.0,0.0,0.0,0.0,0.0,0.0
1.6932,0.0,0.0,0.0,0.0,0.0,0.0
1.6952,0.0,0.0,0.0,0.0,0.0,0.0
1.6971,0.0,0.0,0.0,0.0,0.0,0.0
1.6991,0.0,0.0,0.0,0.0,0.0,0.0
1.701,0.0,0.0,0.0,0.0,0.0,0.0
1.703,0.0,0.0,0.0,0.0,0.0,0.0
1.7049,0.0,0.0,0.0,0.0,0.0,0.0
1.7069,0.0,0.0,0.0,0.0,0.0,0.0
1.7088,0.0,0.0,0.0,0.0,0.0,0.0
1.7108,0.0,0.0,0.0,0.0,0.0,0.0
1.7128,0.0,0.0,0.0,0.0,0.0,0.0
1.7147,0.0,0.0,0.0,0.0,0.0,0.0
1.7167,0.0,0.0,0.0,0.0,0.0,0.0
1.7186,0.0,0.0,0.0,0.0,0.0,0.0
1.7206,1.02847e-08,9.991742121011931e-08,0.0,0.0,0.0,0.0
1.7225,0.0,0.0,0.0,0.0,0.0,0.0
1.7245,0.0,0.0,0.0,0.0,0.0,0.0
1.7264,0.0,0.0,0.0,0.0,0.0,0.0
1.7284,0.0,0.0,0.0,0.0,0.0,0.0
1.7303,0.0,0.0,0.0,0.0,0.0,0.0
1.7323,0.0,0.0,0.0,0.0,0.0,0.0
1.7342,0.0,0.0,0.0,0.0,0.0,0.0
1.7362,0.0,0.0,0.0,0.0,0.0,0.0
1.7382,0.0,0.0,0.0,0.0,0.0,0.0
1.7401,0.0,0.0,0.0,0.0,0.0,0.0
1.7421,0.0,0.0,0.0,0.0,0.0,0.0
1.744,0.0,0.0,0.0,0.0,0.0,0.0
1.746,0.0,0.0,0.0,0.0,0.0,0.0
1.7479,0.0,0.0,0.0,0.0,0.0,0.0
1.7499,0.0,0.0,0.0,0.0,0.0,0.0
1.7518,0.0,0.0,0.0,0.0,0.0,0.0
1.7538,0.0,0.0,0.0,0.0,0.0,0.0
1.7557,0.0,0.0,0.0,0.0,0.0,0.0
1.7577,0.0,0.0,0.0,0.0,0.0,0.0
1.7597,0.0,0.0,0.0,0.0,0.0,0.0
1.7616,0.0,0.0,0.0,0.0,0.0,0.0
1.7636,0.0,0.0,0.0,0.0,0.0,0.0
1.7655,0.0,0.0,0.0,0.0,0.0,0.0
1.7675,0.0,0.0,0.0,0.0,0.0,0.0
1.7694,0.0,0.0,0.0,0.0,0.0,0.0
1.7714,0.0,0.0,0.0,0.0,0.0,0.0
1.7733,1.02847e-08,9.991742121011931e-08,0.0,0.0,0.0,0.0
1.7753,0.0,0.0,0.0,0.0,0.0,0.0
1.7772,0.0,0.0,0.0,0.0,0.0,0.0
1.7792,0.0,0.0,0.0,0.0,0.0,0.0
1.7811,0.0,0.0,0.0,0.0,0.0,0.0
1.7831,0.0,0.0,0.0,0.0,0.0,0.0
1.7851,0.0,0.0,0.0,0.0,0.0,0.0
1.787,0.0,0.0,0.0,0.0,0.0,0.0
1.789,0.0,0.0,0.0,0.0,0.0,0.0
1.7909,1.02847e-08,9.991742121011931e-08,0.0,0.0,0.0,0.0
1.7929,0.0,0.0,0.0,0.0,0.0,0.0
1.7948,0.0,0.0,0.0,0.0,0.0,0.0
1.7968,0.0,0.0,0.0,0.0,0.0,0.0
1.7987,0.0,0.0,0.0,0.0,0.0,0.0
1.8007,0.0,0.0,0.0,0.0,0.0,0.0
1.8026,0.0,0.0,0.0,0.0,0.0,0.0
1.8046,0.0,0.0,0.0,0.0,0.0,0.0
1.8065,0.0,0.0,0.0,0.0,0.0,0.0
1.8085,0.0,0.0,0.0,0.0,0.0,0.0
1.8105,1.02847e-08,9.991742121011931e-08,0.0,0.0,0.0,0.0
1.8124,0.0,0.0,0.0,0.0,0.0,0.0
1.8144,0.0,0.0,0.0,0.0,0.0,0.0
1.8163,0.0,0.0,0.0,0.0,0.0,0.0
1.8183,0.0,0.0,0.0,0.0,0.0,0.0
1.8202,0.0,0.0,0.0,0.0,0.0,0.0
1.8222,0.0,0.0,0.0,0.0,0.0,0.0
1.8241,0.0,0.0,0.0,0.0,0.0,0.0
1.8261,0.0,0.0,0.0,0.0,0.0,0.0
1.828,0.0,0.0,0.0,0.0,0.0,0.0
1.83,0.0,0.0,0.0,0.0,0.0,0.0
1.832,0.0,0.0,0.0,0.0,0.0,0.0
1.8339,0.0,0.0,0.0,0.0,0.0,0.0
1.8359,0.0,0.0,0.0,0.0,0.0,0.0
1.8378,1.02847e-08,9.991742121011931e-08,0.0,0.0,0.0,0.0
1.8398,0.0,0.0,0.0,0.0,0.0,0.0
1.8417,0.0,0.0,0.0,0.0,0.0,0.0
1.8437,0.0,0.0,0.0,0.0,0.0,0.0
1.8456,0.0,0.0,0.0,0.0,0.0,0.0
1.8476,0.0,0.0,0.0,0.0,0.0,0.0
1.8495,0.0,0.0,0.0,0.0,0.0,0.0
1.8515,0.0,0.0,0.0,0.0,0.0,0.0
1.8534,0.0,0.0,0.0,0.0,0.0,0.0
1.8554,1.02847e-08,9.991742121011931e-08,0.0,0.0,0.0,0.0
1.8574,0.0,0.0,0.0,0.0,0.0,0.0
1.8593,0.0,0.0,0.0,0.0,0.0,0.0
1.8613,0.0,0.0,0.0,0.0,0.0,0.0
1.8632,0.0,0.0,0.0,0.0,0.0,0.0
1.8652,0.0,0.0,0.0,0.0,0.0,0.0
1.8671,0.0,0.0,0.0,0.0,0.0,0.0
1.8691,0.0,0.0,0.0,0.0,0.0,0.0
1.871,0.0,0.0,0.0,0.0,0.0,0.0
1.873,0.0,0.0,0.0,0.0,0.0,0.0
1.8749,0.0,0.0,0.0,0.0,0.0,0.0
1.8769,0.0,0.0,0.0,0.0,0.0,0.0
1.8788,0.0,0.0,0.0,0.0,0.0,0.0
1.8808,1.02847e-08,9.991742121011931e-08,0.0,0.0,0.0,0.0
1.8828,0.0,0.0,0.0,0.0,0.0,0.0
1.8847,1.02847e-08,9.991742121011931e-08,0.0,0.0,0.0,0.0
1.8867,0.0,0.0,0.0,0.0,0.0,0.0
1.8886,0.0,0.0,0.0,0.0,0.0,0.0
1.8906,1.02847e-08,9.991742121011931e-08,0.0,0.0,0.0,0.0
1.8925,0.0,0.0,0.0,0.0,0.0,0.0
1.8945,0.0,0.0,0.0,0.0,0.0,0.0
1.8964,0.0,0.0,0.0,0.0,0.0,0.0
1.8984,0.0,0.0,0.0,0.0,0.0,0.0
1.9003,0.0,0.0,0.0,0.0,0.0,0.0
1.9023,0.0,0.0,0.0,0.0,0.0,0.0
1.9043,0.0,0.0,0.0,0.0,0.0,0.0
1.9062,0.0,0.0,0.0,0.0,0.0,0.0
1.9082,0.0,0.0,0.0,0.0,0.0,0.0
1.9101,0.0,0.0,0.0,0.0,0.0,0.0
1.9121,0.0,0.0,0.0,0.0,0.0,0.0
1.914,0.0,0.0,0.0,0.0,0.0,0.0
1.916,0.0,0.0,0.0,0.0,0.0,0.0
1.9179,0.0,0.0,0.0,0.0,0.0,0.0
1.9199,0.0,0.0,0.0,0.0,0.0,0.0
1.9218,0.0,0.0,0.0,0.0,0.0,0.0
1.9238,0.0,0.0,0.0,0.0,0.0,0.0
1.9257,0.0,0.0,0.0,0.0,0.0,0.0
1.9277,0.0,0.0,0.0,0.0,0.0,0.0
1.9297,0.0,0.0,0.0,0.0,0.0,0.0
1.9316,0.0,0.0,0.0,0.0,0.0,0.0
1.9336,0.0,0.0,0.0,0.0,0.0,0.0
1.9355,0.0,0.0,0.0,0.0,0.0,0.0
1.9375,0.0,0.0,0.0,0.0,0.0,0.0
1.9394,0.0,0.0,0.0,0.0,0.0,0.0
1.9414,0.0,0.0,0.0,0.0,0.0,0.0
1.9433,0.0,0.0,0.0,0.0,0.0,0.0
1.9453,0.0,0.0,0.0,0.0,0.0,0.0
1.9472,0.0,0.0,0.0,0.0,0.0,0.0
1.9492,0.0,0.0,0.0,0.0,0.0,0.0
1.9511,0.0,0.0,0.0,0.0,0.0,0.0
1.9531,0.0,0.0,0.0,0.0,0.0,0.0
1.9551,0.0,0.0,0.0,0.0,0.0,0.0
1.957,0.0,0.0,0.0,0.0,0.0,0.0
1.959,0.0,0.0,0.0,0.0,0.0,0.0
1.9609,0.0,0.0,0.0,0.0,0.0,0.0
1.9629,0.0,0.0,0.0,0.0,0.0,0.0
1.9648,0.0,0.0,0.0,0.0,0.0,0.0
1.9668,0.0,0.0,0.0,0.0,0.0,0.0
1.9687,0.0,0.0,0.0,0.0,0.0,0.0
1.9707,0.0,0.0,0.0,0.0,0.0,0.0
1.9726,0.0,0.0,0.0,0.0,0.0,0.0
1.9746,0.0,0.0,0.0,0.0,0.0,0.0
1.9766,0.0,0.0,0.0,0.0,0.0,0.0
1.9785,0.0,0.0,0.0,0.0,0.0,0.0
1.9805,0.0,0.0,0.0,0.0,0.0,0.0
1.9824,0.0,0.0,0.0,0.0,0.0,0.0
1.9844,0.0,0.0,0.0,0.0,0.0,0.0
1.9863,0.0,0.0,0.0,0.0,0.0,0.0
1.9883,0.0,0.0,0.0,0.0,0.0,0.0
1.9902,0.0,0.0,0.0,0.0,0.0,0.0
1.9922,0.0,0.0,0.0,0.0,0.0,0.0
1.9941,0.0,0.0,0.0,0.0,0.0,0.0
1.9961,0.0,0.0,0.0,0.0,0.0,0.0
1.998,0.0,0.0,0.0,0.0,0.0,0.0
2.0,0.0,0.0,0.0,0.0,0.0,0.0
