Energy (MeV),Na-22 Counts,Na-22 Relative Error,Co-60 Counts,Co-60 Relative Error,Cs-137 Counts,Cs-137 Relative Error
0.0,0.000952532,0.0102,0.0012985,0.0088,0.0022694,0.0066
0.001,6.15633e-05,0.0403,8.34999e-05,0.0346,0.0002057,0.022
0.0029521,0.000119629,0.0289,0.0001611,0.0249,0.0004195,0.0154
0.0049043,0.000114032,0.0296,0.0001509,0.0257,0.0004389,0.0151
0.0068564,0.000111434,0.0299,0.0001516,0.0257,0.0004717,0.0146
0.0088086,0.000103138,0.0311,0.0001421,0.0265,0.0005182,0.0139
0.010761,8.82473e-05,0.0337,0.0001182,0.0291,0.0005732,0.0132
0.012713,7.83532e-05,0.0357,0.0001053,0.0308,0.000641,0.0125
0.014665,6.98583e-05,0.0378,9.15998e-05,0.033,0.0006832,0.0121
0.016617,6.0364e-05,0.0407,7.76999e-05,0.0359,0.0007767,0.0113
0.018569,4.79714e-05,0.0456,6.25999e-05,0.04,0.0008569,0.0108
0.020521,4.00761e-05,0.0499,5.26999e-05,0.0436,0.0009621,0.0102
0.022474,3.49791e-05,0.0535,4.18999e-05,0.0489,0.0010545,0.0097
0.024426,2.54848e-05,0.0626,3.20999e-05,0.0558,0.0011558,0.0093
0.026378,1.96883e-05,0.0712,2.31e-05,0.0658,0.0012393,0.009
0.02833,1.80892e-05,0.0743,2.02e-05,0.0704,0.0013404,0.0086
0.030282,1.29922e-05,0.0877,1.34e-05,0.0864,0.0013539,0.0086
0.032234,1.38917e-05,0.0848,1.26e-05,0.0891,0.0013839,0.0085
0.034187,8.89469e-06,0.106,8.39999e-06,0.1091,0.0013967,0.0085
0.036139,8.39499e-06,0.1091,6.69999e-06,0.1222,0.0013682,0.0085
0.038091,9.79416e-06,0.101,5.89999e-06,0.1302,0.0013144,0.0087
0.040043,8.39499e-06,0.1091,4.79999e-06,0.1443,0.001219,0.0091
0.041995,9.09457e-06,0.1048,4.29999e-06,0.1525,0.0011246,0.0094
0.043947,8.99463e-06,0.1054,4.79999e-06,0.1443,0.0009892,0.01
0.045899,9.69421e-06,0.1015,4.29999e-06,0.1525,0.0008668,0.0107
0.047852,9.59427e-06,0.1021,4.89999e-06,0.1429,0.0007283,0.0117
0.049804,8.19511e-06,0.1104,3.79999e-06,0.1622,0.0005981,0.0129
0.051756,9.39439e-06,0.1031,3.99999e-06,0.1581,0.0004918,0.0143
0.053708,9.39439e-06,0.1031,4.29999e-06,0.1525,0.0003988,0.0158
0.05566,1.09934e-05,0.0953,3.49999e-06,0.169,0.0003049,0.0181
0.057612,1.1793e-05,0.0921,4.39999e-06,0.1508,0.0002361,0.0206
0.059564,1.09934e-05,0.0953,5.09999e-06,0.14,0.0001736,0.024
0.061517,1.1793e-05,0.0921,4.49999e-06,0.1491,0.0001262,0.0281
0.063469,1.34919e-05,0.0861,4.09999e-06,0.1562,8.81e-05,0.0337
0.065421,1.35919e-05,0.0857,4.69999e-06,0.1459,6.38e-05,0.0396
0.067373,1.31921e-05,0.087,4.69999e-06,0.1459,4.65e-05,0.0464
0.069325,1.69899e-05,0.0767,4.69999e-06,0.1459,3.21e-05,0.0558
0.071277,1.55907e-05,0.0801,4.29999e-06,0.1525,2.68e-05,0.0611
0.073229,1.56906e-05,0.0798,3.79999e-06,0.1622,1.74e-05,0.0758
0.075182,1.46912e-05,0.0825,3.59999e-06,0.1667,1.25e-05,0.0894
0.077134,1.65901e-05,0.0776,3.59999e-06,0.1667,1.13e-05,0.0941
0.079086,1.63902e-05,0.0781,3.69999e-06,0.1644,1.1e-05,0.0953
0.081038,1.79893e-05,0.0745,3.09999e-06,0.1796,7.9e-06,0.1125
0.08299,1.99881e-05,0.0707,4.59999e-06,0.1474,8.5e-06,0.1085
0.084942,2.09875e-05,0.069,4.89999e-06,0.1429,8.8e-06,0.1066
0.086895,2.19869e-05,0.0674,3.79999e-06,0.1622,7.5e-06,0.1155
0.088847,2.20868e-05,0.0673,3.99999e-06,0.1581,9.5e-06,0.1026
0.090799,2.15871e-05,0.068,3.69999e-06,0.1644,1.09e-05,0.0958
0.092751,2.37858e-05,0.0648,3.49999e-06,0.169,9.3e-06,0.1037
0.094703,2.36859e-05,0.065,4.29999e-06,0.1525,1.17e-05,0.0924
0.096655,2.48851e-05,0.0634,4.49999e-06,0.1491,1.14e-05,0.0937
0.098607,2.39857e-05,0.0645,2.9e-06,0.1857,1.18e-05,0.0921
0.10056,2.60844e-05,0.0619,4.29999e-06,0.1525,1.01e-05,0.0995
0.10251,2.86829e-05,0.059,4.19999e-06,0.1543,1.16e-05,0.0928
0.10446,2.63843e-05,0.0615,4.59999e-06,0.1474,1.22e-05,0.0905
0.10642,3.13813e-05,0.0564,4.39999e-06,0.1508,1.34e-05,0.0864
0.10837,3.32801e-05,0.0548,3.99999e-06,0.1581,1.42e-05,0.0839
0.11032,3.37798e-05,0.0544,4.89999e-06,0.1429,1.2e-05,0.0913
0.11227,3.31802e-05,0.0549,3.99999e-06,0.1581,1.49e-05,0.0819
0.11422,3.58786e-05,0.0528,5.49999e-06,0.1348,1.55e-05,0.0803
0.11618,3.54788e-05,0.0531,4.59999e-06,0.1474,1.41e-05,0.0842
0.11813,3.74776e-05,0.0516,3.89999e-06,0.1601,1.71e-05,0.0765
0.12008,3.57786e-05,0.0529,5.59999e-06,0.1336,1.57e-05,0.0798
0.12203,4.46733e-05,0.0473,4.29999e-06,0.1525,1.57e-05,0.0798
0.12399,3.95764e-05,0.0503,3.49999e-06,0.169,1.69e-05,0.0769
0.12594,3.90767e-05,0.0506,4.49999e-06,0.1491,1.56e-05,0.0801
0.12789,3.99761e-05,0.05,3.89999e-06,0.1601,1.99e-05,0.0709
0.12984,4.16751e-05,0.049,4.29999e-06,0.1525,1.94e-05,0.0718
0.13179,4.26745e-05,0.0484,3.49999e-06,0.169,1.9e-05,0.0725
0.13375,4.84711e-05,0.0454,4.39999e-06,0.1508,1.67e-05,0.0774
0.1357,4.60725e-05,0.0466,4.79999e-06,0.1443,1.82e-05,0.0741
0.13765,4.8671e-05,0.0453,3.69999e-06,0.1644,1.91e-05,0.0724
0.1396,4.93705e-05,0.045,3.89999e-06,0.1601,2.28e-05,0.0662
0.14155,4.99702e-05,0.0447,3.89999e-06,0.1601,2.28e-05,0.0662
0.14351,4.90707e-05,0.0451,3.89999e-06,0.1601,1.98e-05,0.0711
0.14546,5.25686e-05,0.0436,5.59999e-06,0.1336,2.26e-05,0.0665
0.14741,5.1869e-05,0.0439,4.39999e-06,0.1508,2.48e-05,0.0635
0.14936,5.67661e-05,0.042,4.19999e-06,0.1543,2.24e-05,0.0668
0.15132,5.44675e-05,0.0428,3.59999e-06,0.1667,2.52e-05,0.063
0.15327,5.47673e-05,0.0427,4.29999e-06,0.1525,2.7e-05,0.0609
0.15522,5.84651e-05,0.0413,3.29999e-06,0.1741,2.63e-05,0.0617
0.15717,5.97643e-05,0.0409,3.39999e-06,0.1715,3.15e-05,0.0563
0.15912,6.15633e-05,0.0403,3.19999e-06,0.1768,2.62e-05,0.0618
0.16108,6.33622e-05,0.0397,3.89999e-06,0.1601,2.87e-05,0.059
0.16303,6.10636e-05,0.0405,3.69999e-06,0.1644,3.05e-05,0.0573
0.16498,6.5361e-05,0.0391,4.29999e-06,0.1525,3.19e-05,0.056
0.16693,6.79594e-05,0.0383,3.79999e-06,0.1622,3.31e-05,0.055
0.16888,7.01581e-05,0.0377,3.89999e-06,0.1601,2.97e-05,0.058
0.17084,7.30564e-05,0.037,4.29999e-06,0.1525,3.02e-05,0.0575
0.17279,6.71599e-05,0.0386,4.19999e-06,0.1543,3.23e-05,0.0556
0.17474,7.35561e-05,0.0369,3.69999e-06,0.1644,3.88e-05,0.0508
0.17669,7.47554e-05,0.0366,4.39999e-06,0.1508,3.61e-05,0.0526
0.17865,7.21569e-05,0.0372,5.09999e-06,0.14,4.19e-05,0.0489
0.1806,7.93526e-05,0.0355,3.69999e-06,0.1644,3.91e-05,0.0506
0.18255,7.68541e-05,0.0361,3.49999e-06,0.169,3.92e-05,0.0505
0.1845,7.7054e-05,0.036,4.69999e-06,0.1459,3.8e-05,0.0513
0.18645,7.98523e-05,0.0354,4.39999e-06,0.1508,3.81e-05,0.0512
0.18841,8.22509e-05,0.0349,4.59999e-06,0.1474,4.2e-05,0.0488
0.19036,7.78535e-05,0.0358,3.59999e-06,0.1667,4.37e-05,0.0478
0.19231,8.45495e-05,0.0344,3.19999e-06,0.1768,4.28e-05,0.0483
0.19426,8.77476e-05,0.0337,4.09999e-06,0.1562,4.43e-05,0.0475
0.19621,8.95466e-05,0.0334,4.49999e-06,0.1491,4.17e-05,0.049
0.19817,9.12455e-05,0.0331,4.39999e-06,0.1508,4.5e-05,0.0471
0.20012,8.5449e-05,0.0342,3.99999e-06,0.1581,5e-05,0.0447
0.20207,9.86411e-05,0.0318,3.89999e-06,0.1601,4.77e-05,0.0458
0.20402,9.36441e-05,0.0327,5.89999e-06,0.1302,4.78e-05,0.0457
0.20598,9.13455e-05,0.0331,4.59999e-06,0.1474,5.05e-05,0.0445
0.20793,9.33443e-05,0.0327,5.89999e-06,0.1302,4.76e-05,0.0458
0.20988,9.17453e-05,0.033,5.19999e-06,0.1387,4.88e-05,0.0453
0.21183,9.79416e-05,0.0319,4.99999e-06,0.1414,5.21e-05,0.0438
0.21378,9.61426e-05,0.0322,4.09999e-06,0.1562,5.08e-05,0.0444
0.21574,9.68422e-05,0.0321,4.49999e-06,0.1491,5.07e-05,0.0444
0.21769,9.96405e-05,0.0317,5.09999e-06,0.14,5.05e-05,0.0445
0.21964,0.000106436,0.0306,5.99999e-06,0.1291,5.62e-05,0.0422
0.22159,0.000105437,0.0308,5.39999e-06,0.1361,5.72e-05,0.0418
0.22354,0.000106936,0.0306,5.79999e-06,0.1313,5.53e-05,0.0425
0.2255,0.000113332,0.0297,5.09999e-06,0.14,6.03e-05,0.0407
0.22745,0.000111933,0.0299,6.79999e-06,0.1213,5.87e-05,0.0413
0.2294,0.000112933,0.0297,3.99999e-06,0.1581,5.97e-05,0.0409
0.23135,0.000113432,0.0297,4.79999e-06,0.1443,6.21e-05,0.0401
0.23331,0.000113832,0.0296,4.79999e-06,0.1443,6.45e-05,0.0394
0.23526,0.000120528,0.0288,5.79999e-06,0.1313,6.47e-05,0.0393
0.23721,0.00011753,0.0292,5.19999e-06,0.1387,6.59e-05,0.039
0.23916,0.000123726,0.0284,5.49999e-06,0.1348,6.62e-05,0.0389
0.24111,0.000120228,0.0288,5.39999e-06,0.1361,6.42e-05,0.0395
0.24307,0.000128423,0.0279,4.99999e-06,0.1414,6.94e-05,0.038
0.24502,0.000133221,0.0274,4.89999e-06,0.1429,6.97e-05,0.0379
0.24697,0.00013432,0.0273,4.99999e-06,0.1414,7.03e-05,0.0377
0.24892,0.000140516,0.0267,4.99999e-06,0.1414,6.53e-05,0.0391
0.25087,0.000136818,0.027,5.39999e-06,0.1361,6.85e-05,0.0382
0.25283,0.000140616,0.0267,4.99999e-06,0.1414,7.13e-05,0.0374
0.25478,0.000142815,0.0265,4.79999e-06,0.1443,7.27e-05,0.0371
0.25673,0.000145513,0.0262,6.69999e-06,0.1222,7.92e-05,0.0355
0.25868,0.000142215,0.0265,4.69999e-06,0.1459,7.66e-05,0.0361
0.26064,0.000143314,0.0264,5.09999e-06,0.14,7.76e-05,0.0359
0.26259,0.000154408,0.0254,6.39999e-06,0.125,7.61e-05,0.0362
0.26454,0.000162703,0.0248,4.39999e-06,0.1508,7.51e-05,0.0365
0.26649,0.000154308,0.0254,6.29999e-06,0.126,8.42e-05,0.0345
0.26844,0.000161803,0.0249,5.69999e-06,0.1325,7.7e-05,0.036
0.2704,0.0001679,0.0244,5.89999e-06,0.1302,8.46e-05,0.0344
0.27235,0.000164102,0.0247,5.89999e-06,0.1302,8.27e-05,0.0348
0.2743,0.0001668,0.0245,6.79999e-06,0.1213,8.34e-05,0.0346
0.27625,0.000164202,0.0247,5.09999e-06,0.14,8.93e-05,0.0335
0.27821,0.000170898,0.0242,7.09999e-06,0.1187,9.3e-05,0.0328
0.28016,0.000176794,0.0238,6.49999e-06,0.124,9.02e-05,0.0333
0.28211,0.000181292,0.0235,6.29999e-06,0.126,8.65e-05,0.034
0.28406,0.00018409,0.0233,5.49999e-06,0.1348,9.09e-05,0.0332
0.28601,0.000194784,0.0226,5.79999e-06,0.1313,9.7e-05,0.0321
0.28797,0.000193185,0.0227,5.69999e-06,0.1325,9.6e-05,0.0323
0.28992,0.000202179,0.0222,5.19999e-06,0.1387,9.66e-05,0.0322
0.29187,0.000196383,0.0226,5.39999e-06,0.1361,9.14e-05,0.0331
0.29382,0.00020168,0.0223,5.79999e-06,0.1313,9.82e-05,0.0319
0.29577,0.000212773,0.0217,6.89999e-06,0.1204,9.82e-05,0.0319
0.29773,0.000214772,0.0216,5.69999e-06,0.1325,0.000103,0.0312
0.29968,0.000210474,0.0218,5.19999e-06,0.1387,9.59e-05,0.0323
0.30163,0.000215971,0.0215,5.09999e-06,0.14,0.0001053,0.0308
0.30358,0.000226665,0.021,5.99999e-06,0.1291,0.0001057,0.0308
0.30554,0.000225166,0.0211,6.49999e-06,0.124,0.0001076,0.0305
0.30749,0.000227164,0.021,6.79999e-06,0.1213,0.0001081,0.0304
0.30944,0.000231462,0.0208,5.79999e-06,0.1313,0.0001108,0.03
0.31139,0.000239857,0.0204,6.89999e-06,0.1204,0.0001111,0.03
0.31334,0.000243155,0.0203,7.09999e-06,0.1187,0.0001158,0.0294
0.3153,0.000247252,0.0201,7.59999e-06,0.1147,0.0001156,0.0294
0.31725,0.000245454,0.0202,6.99999e-06,0.1195,0.0001158,0.0294
0.3192,0.000241056,0.0204,6.39999e-06,0.125,0.0001181,0.0291
0.32115,0.000250151,0.02,7.29999e-06,0.117,0.0001222,0.0286
0.3231,0.000258446,0.0197,6.89999e-06,0.1204,0.0001228,0.0285
0.32506,0.000252549,0.0199,6.09999e-06,0.128,0.0001305,0.0277
0.32701,0.000245354,0.0202,6.89999e-06,0.1204,0.0001258,0.0282
0.32896,0.00025145,0.0199,8.59999e-06,0.1078,0.0001292,0.0278
0.33091,0.000241256,0.0204,7.09999e-06,0.1187,0.0001221,0.0286
0.33287,0.000230662,0.0208,7.29999e-06,0.117,0.0001296,0.0278
0.33482,0.000220568,0.0213,7.19999e-06,0.1179,0.0001352,0.0272
0.33677,0.000211074,0.0218,7.99999e-06,0.1118,0.0001309,0.0276
0.33872,0.000199381,0.0224,9.39998e-06,0.1031,0.0001375,0.027
0.34067,0.000183291,0.0233,7.09999e-06,0.1187,0.000138,0.0269
0.34263,0.00018389,0.0233,7.99999e-06,0.1118,0.0001399,0.0267
0.34458,0.000161304,0.0249,7.49999e-06,0.1155,0.0001455,0.0262
0.34653,0.00015131,0.0257,9.49998e-06,0.1026,0.0001436,0.0264
0.34848,0.000142715,0.0265,8.49999e-06,0.1085,0.0001508,0.0257
0.35043,0.000120528,0.0288,7.69999e-06,0.114,0.0001425,0.0265
0.35239,0.000115831,0.0294,9.69998e-06,0.1015,0.0001504,0.0258
0.35434,0.00010124,0.0314,9.09999e-06,0.1048,0.0001459,0.0262
0.35629,8.98464e-05,0.0334,7.39999e-06,0.1162,0.0001586,0.0251
0.35824,7.82533e-05,0.0357,8.39999e-06,0.1091,0.0001545,0.0254
0.3602,6.8659e-05,0.0382,1.04e-05,0.0981,0.0001624,0.0248
0.36215,6.21629e-05,0.0401,1.04e-05,0.0981,0.000161,0.0249
0.3641,5.80653e-05,0.0415,8.39999e-06,0.1091,0.0001678,0.0244
0.36605,4.73717e-05,0.0459,9.39998e-06,0.1031,0.0001685,0.0244
0.368,4.49732e-05,0.0471,8.09999e-06,0.1111,0.0001668,0.0245
0.36996,4.31742e-05,0.0481,1.1e-05,0.0953,0.0001664,0.0245
0.37191,4.21748e-05,0.0487,8.99999e-06,0.1054,0.0001739,0.024
0.37386,3.25806e-05,0.0554,7.19999e-06,0.1179,0.0001776,0.0237
0.37581,3.1881e-05,0.056,1.02e-05,0.099,0.0001834,0.0233
0.37776,2.90826e-05,0.0586,1.09e-05,0.0958,0.000179,0.0236
0.37972,2.58846e-05,0.0621,8.79999e-06,0.1066,0.000178,0.0237
0.38167,2.24866e-05,0.0667,9.09999e-06,0.1048,0.0001895,0.023
0.38362,1.96883e-05,0.0712,1.01e-05,0.0995,0.0001816,0.0235
0.38557,1.8389e-05,0.0737,1.17e-05,0.0924,0.0001984,0.0224
0.38753,1.64902e-05,0.0778,1.07e-05,0.0967,0.0002021,0.0222
0.38948,1.41915e-05,0.0839,9.69998e-06,0.1015,0.0002017,0.0223
0.39143,1.68899e-05,0.0769,9.39998e-06,0.1031,0.0002007,0.0223
0.39338,1.42915e-05,0.0836,1.13e-05,0.0941,0.0002058,0.022
0.39533,1.26924e-05,0.0887,1.2e-05,0.0913,0.0002141,0.0216
0.39729,1.11933e-05,0.0945,1.11e-05,0.0949,0.0002118,0.0217
0.39924,1.07936e-05,0.0962,1.12e-05,0.0945,0.0002045,0.0221
0.40119,8.49493e-06,0.1085,1.23e-05,0.0902,0.0002056,0.0221
0.40314,9.49433e-06,0.1026,1.21e-05,0.0909,0.0002143,0.0216
0.40509,8.99463e-06,0.1054,1.1e-05,0.0953,0.0002222,0.0212
0.40705,7.99523e-06,0.1118,1.26e-05,0.0891,0.0002326,0.0207
0.409,7.09577e-06,0.1187,1.08e-05,0.0962,0.0002408,0.0204
0.41095,7.79535e-06,0.1132,1.17e-05,0.0924,0.0002289,0.0209
0.4129,7.39559e-06,0.1162,9.29998e-06,0.1037,0.000249,0.02
0.41486,5.99642e-06,0.1291,1.22e-05,0.0905,0.0002397,0.0204
0.41681,7.79535e-06,0.1132,1.16e-05,0.0928,0.0002569,0.0197
0.41876,6.29624e-06,0.126,1.35e-05,0.0861,0.0002449,0.0202
0.42071,5.49672e-06,0.1348,1.15e-05,0.0932,0.0002622,0.0195
0.42266,7.59547e-06,0.1147,1.26e-05,0.0891,0.0002639,0.0195
0.42462,4.39738e-06,0.1508,1.26e-05,0.0891,0.0002747,0.0191
0.42657,5.29684e-06,0.1374,1.08e-05,0.0962,0.0002726,0.0192
0.42852,6.89588e-06,0.1204,1.39e-05,0.0848,0.0002719,0.0192
0.43047,5.1969e-06,0.1387,1.19e-05,0.0917,0.0002789,0.0189
0.43242,5.29684e-06,0.1374,1.2e-05,0.0913,0.0002833,0.0188
0.43438,5.79654e-06,0.1313,1.31e-05,0.0874,0.0002862,0.0187
0.43633,5.59666e-06,0.1336,1.26e-05,0.0891,0.0002977,0.0183
0.43828,5.1969e-06,0.1387,1.27e-05,0.0887,0.0002891,0.0186
0.44023,6.49612e-06,0.124,1.42e-05,0.0839,0.0003062,0.0181
0.44219,6.59606e-06,0.1231,1.41e-05,0.0842,0.0003006,0.0182
0.44414,6.89588e-06,0.1204,1.51e-05,0.0814,0.0003153,0.0178
0.44609,4.49732e-06,0.1491,1.58e-05,0.0796,0.0003113,0.0179
0.44804,5.29684e-06,0.1374,1.56e-05,0.0801,0.0003123,0.0179
0.44999,5.89648e-06,0.1302,1.37e-05,0.0854,0.0003252,0.0175
0.45195,6.39618e-06,0.125,1.44e-05,0.0833,0.0003248,0.0175
0.4539,7.59547e-06,0.1147,1.57e-05,0.0798,0.0003234,0.0176
0.45585,7.79535e-06,0.1132,1.39e-05,0.0848,0.0003242,0.0176
0.4578,1.02939e-05,0.0985,1.51e-05,0.0814,0.0003277,0.0175
0.45975,1.45913e-05,0.0828,1.51e-05,0.0814,0.0003239,0.0176
0.46171,1.68899e-05,0.0769,1.71e-05,0.0765,0.00031,0.018
0.46366,2.36859e-05,0.065,1.9e-05,0.0725,0.0003257,0.0175
0.46561,3.29803e-05,0.055,1.63e-05,0.0783,0.0003164,0.0178
0.46756,5.15692e-05,0.044,1.62e-05,0.0786,0.0003235,0.0176
0.46952,7.72539e-05,0.036,1.48e-05,0.0822,0.0003021,0.0182
0.47147,0.000113932,0.0296,1.61e-05,0.0788,0.0002915,0.0185
0.47342,0.000173496,0.024,1.79e-05,0.0747,0.0002683,0.0193
0.47537,0.000254048,0.0198,1.94e-05,0.0718,0.000261,0.0196
0.47732,0.000359885,0.0167,1.78e-05,0.075,0.0002402,0.0204
0.47928,0.000523987,0.0138,1.94e-05,0.0718,0.0002272,0.021
0.48123,0.00072037,0.0118,1.76e-05,0.0754,0.0002138,0.0216
0.48318,0.0010024,0.01,1.71e-05,0.0765,0.0001989,0.0224
0.48513,0.00137658,0.0085,1.66e-05,0.0776,0.0001812,0.0235
0.48708,0.0018475,0.0073,1.72e-05,0.0762,0.0001643,0.0247
0.48904,0.00238328,0.0065,1.87e-05,0.0731,0.0001567,0.0253
0.49099,0.00309605,0.0057,1.8e-05,0.0745,0.0001427,0.0265
0.49294,0.00384051,0.0051,1.81e-05,0.0743,0.0001228,0.0285
0.49489,0.00475236,0.0046,1.77e-05,0.0752,0.0001145,0.0296
0.49685,0.00565113,0.0042,1.89e-05,0.0727,0.0001008,0.0315
0.4988,0.00661945,0.0039,1.71e-05,0.0765,9.15e-05,0.0331
0.50075,0.00762115,0.0036,1.84e-05,0.0737,7.96e-05,0.0354
0.5027,0.0085449,0.0034,1.81e-05,0.0743,7.55e-05,0.0364
0.50465,0.00941628,0.0032,1.92e-05,0.0722,6.94e-05,0.038
0.50661,0.010194,0.0031,1.7e-05,0.0767,6.6e-05,0.0389
0.50856,0.0106509,0.003,1.97e-05,0.0712,5.89e-05,0.0412
0.51051,0.0109732,0.003,2.28e-05,0.0662,5.25e-05,0.0436
0.51246,0.0109545,0.003,1.81e-05,0.0743,4.86e-05,0.0454
0.51442,0.0107954,0.003,2.15e-05,0.0682,4.49e-05,0.0472
0.51637,0.0103449,0.0031,1.77e-05,0.0752,4.2e-05,0.0488
0.51832,0.00972869,0.0032,1.95e-05,0.0716,3.87e-05,0.0508
0.52027,0.0090425,0.0033,2.31e-05,0.0658,3.4e-05,0.0542
0.52222,0.00809147,0.0035,1.97e-05,0.0712,3.24e-05,0.0556
0.52418,0.00715983,0.0037,2.3e-05,0.0659,2.72e-05,0.0606
0.52613,0.0061933,0.004,2.32e-05,0.0657,2.83e-05,0.0594
0.52808,0.00515892,0.0044,2.07e-05,0.0695,2.2e-05,0.0674
0.53003,0.00424297,0.0048,2.33e-05,0.0655,2.27e-05,0.0664
0.53198,0.00341646,0.0054,2.27e-05,0.0664,1.92e-05,0.0722
0.53394,0.00271888,0.0061,2.35e-05,0.0652,1.92e-05,0.0722
0.53589,0.00211154,0.0069,2.17e-05,0.0679,1.47e-05,0.0825
0.53784,0.00158365,0.0079,2.29e-05,0.0661,1.4e-05,0.0845
0.53979,0.00115241,0.0093,2.34e-05,0.0654,1.29e-05,0.088
0.54175,0.000844496,0.0109,2.23e-05,0.067,1.17e-05,0.0924
0.5437,0.000622129,0.0127,2.43e-05,0.0641,1.05e-05,0.0976
0.54565,0.000424247,0.0153,2.33e-05,0.0655,9.4e-06,0.1031
0.5476,0.000291326,0.0185,2.73e-05,0.0605,8.3e-06,0.1098
0.54955,0.000190786,0.0229,2.54e-05,0.0627,8.2e-06,0.1104
0.55151,0.000120028,0.0289,2.71e-05,0.0607,5.9e-06,0.1302
0.55346,8.02521e-05,0.0353,2.54e-05,0.0627,6e-06,0.1291
0.55541,5.50671e-05,0.0426,2.46e-05,0.0638,4.7e-06,0.1459
0.55736,3.54788e-05,0.0531,2.68e-05,0.0611,4.8e-06,0.1443
0.55931,2.49851e-05,0.0632,2.59e-05,0.0621,4.1e-06,0.1562
0.56127,1.86888e-05,0.0731,2.62e-05,0.0618,3.6e-06,0.1667
0.56322,1.32921e-05,0.0867,2.75e-05,0.0603,3.1e-06,0.1796
0.56517,1.0094e-05,0.0995,2.48e-05,0.0635,3.3e-06,0.1741
0.56712,9.09457e-06,0.1048,2.58e-05,0.0623,3.4e-06,0.1715
0.56908,8.99463e-06,0.1054,2.71e-05,0.0607,2.2e-06,0.2132
0.57103,8.69481e-06,0.1072,2.61e-05,0.0619,1.8e-06,0.2357
0.57298,9.29445e-06,0.1037,2.78e-05,0.06,2.3e-06,0.2085
0.57493,8.79475e-06,0.1066,2.61e-05,0.0619,2.2e-06,0.2132
0.57688,7.79535e-06,0.1132,2.77e-05,0.0601,1.6e-06,0.25
0.57884,8.59487e-06,0.1078,3.13999e-05,0.0564,1.1e-06,0.3015
0.58079,7.79535e-06,0.1132,2.8e-05,0.0598,1.6e-06,0.25
0.58274,9.29445e-06,0.1037,2.89e-05,0.0588,1.3e-06,0.2773
0.58469,7.99523e-06,0.1118,2.85e-05,0.0592,1.5e-06,0.2582
0.58664,8.69481e-06,0.1072,2.85e-05,0.0592,1.8e-06,0.2357
0.5886,9.79416e-06,0.101,3.21999e-05,0.0557,1.1e-06,0.3015
0.59055,7.99523e-06,0.1118,3.14999e-05,0.0563,8e-07,0.3536
0.5925,9.69421e-06,0.1015,3.21999e-05,0.0557,1.6e-06,0.25
0.59445,9.99404e-06,0.1,3.24999e-05,0.0555,1.7e-06,0.2425
0.59641,8.99463e-06,0.1054,3.02e-05,0.0575,1.5e-06,0.2582
0.59836,9.99404e-06,0.1,3.25999e-05,0.0554,1e-06,0.3162
0.60031,8.99463e-06,0.1054,3.16999e-05,0.0562,1.2e-06,0.2887
0.60226,9.99404e-06,0.1,3.05999e-05,0.0572,2e-06,0.2236
0.60421,9.8941e-06,0.1005,3.29999e-05,0.055,2.9e-06,0.1857
0.60617,9.59427e-06,0.1021,3.12999e-05,0.0565,5.6e-06,0.1336
0.60812,1.01939e-05,0.099,3.32999e-05,0.0548,6e-06,0.1291
0.61007,9.79416e-06,0.101,3.01e-05,0.0576,9.4e-06,0.1031
0.61202,9.8941e-06,0.1005,3.23999e-05,0.0556,1.59e-05,0.0793
0.61397,1.10934e-05,0.0949,3.55999e-05,0.053,2.47e-05,0.0636
0.61593,1.05937e-05,0.0971,3.47999e-05,0.0536,3.76e-05,0.0516
0.61788,1.03938e-05,0.0981,3.42999e-05,0.054,6.47e-05,0.0393
0.61983,9.39439e-06,0.1031,3.43999e-05,0.0539,9.32e-05,0.0328
0.62178,1.08935e-05,0.0958,3.79999e-05,0.0513,0.0001392,0.0268
0.62374,9.39439e-06,0.1031,3.55999e-05,0.053,0.0002226,0.0212
0.62569,1.25925e-05,0.0891,3.70999e-05,0.0519,0.0003311,0.0174
0.62764,1.12933e-05,0.0941,3.87999e-05,0.0508,0.0004903,0.0143
0.62959,1.10934e-05,0.0949,3.60999e-05,0.0526,0.000704,0.0119
0.63154,1.09934e-05,0.0953,3.88999e-05,0.0507,0.0009892,0.01
0.6335,1.11933e-05,0.0945,3.84999e-05,0.051,0.0013801,0.0085
0.63545,8.79475e-06,0.1066,3.84999e-05,0.051,0.0019182,0.0072
0.6374,1.10934e-05,0.0949,3.89999e-05,0.0506,0.0025525,0.0063
0.63935,1.15931e-05,0.0928,4.18999e-05,0.0489,0.0033367,0.0055
0.6413,1.24925e-05,0.0894,3.85999e-05,0.0509,0.004227,0.0049
0.64326,1.01939e-05,0.099,3.71999e-05,0.0518,0.0053151,0.0043
0.64521,1.1693e-05,0.0924,3.96999e-05,0.0502,0.006487,0.0039
0.64716,1.24925e-05,0.0894,4.01999e-05,0.0499,0.007794,0.0036
0.64911,1.1793e-05,0.0921,4.15999e-05,0.049,0.0091322,0.0033
0.65107,1.26924e-05,0.0887,4.30999e-05,0.0482,0.0105538,0.0031
0.65302,1.25925e-05,0.0891,4.14999e-05,0.0491,0.0118013,0.0029
0.65497,1.22927e-05,0.0902,4.43999e-05,0.0475,0.0130144,0.0028
0.65692,1.34919e-05,0.0861,4.73999e-05,0.0459,0.0140033,0.0027
0.65887,1.18929e-05,0.0917,4.32999e-05,0.0481,0.0148005,0.0026
0.66083,1.34919e-05,0.0861,4.47999e-05,0.0472,0.01529,0.0025
0.66278,1.36918e-05,0.0854,4.58999e-05,0.0467,0.0153347,0.0025
0.66473,1.58905e-05,0.0793,4.79999e-05,0.0456,0.015181,0.0025
0.66668,1.40916e-05,0.0842,4.56999e-05,0.0468,0.0145856,0.0026
0.66863,1.669e-05,0.0774,4.24999e-05,0.0485,0.0138746,0.0027
0.67059,1.39917e-05,0.0845,4.92999e-05,0.045,0.0128245,0.0028
0.67254,1.3392e-05,0.0864,4.75999e-05,0.0458,0.0116394,0.0029
0.67449,1.29922e-05,0.0877,5.21999e-05,0.0438,0.0103125,0.0031
0.67644,1.44914e-05,0.083,5.04999e-05,0.0445,0.0089478,0.0033
0.6784,1.39917e-05,0.0845,4.64999e-05,0.0464,0.0075712,0.0036
0.68035,1.59905e-05,0.0791,4.74999e-05,0.0459,0.0062562,0.004
0.6823,1.56906e-05,0.0798,5.14999e-05,0.0441,0.0050728,0.0044
0.68425,1.32921e-05,0.0867,4.82999e-05,0.0455,0.0040579,0.005
0.6862,1.53908e-05,0.0806,4.93999e-05,0.045,0.0031376,0.0056
0.68816,1.52909e-05,0.0808,5.38999e-05,0.0431,0.0024156,0.0064
0.69011,1.32921e-05,0.0867,5.13999e-05,0.0441,0.0017727,0.0075
0.69206,1.48911e-05,0.0819,5.47999e-05,0.0427,0.0012998,0.0088
0.69401,1.43914e-05,0.0833,5.29999e-05,0.0434,0.0009331,0.0103
0.69596,1.65901e-05,0.0776,5.13999e-05,0.0441,0.0006488,0.0124
0.69792,1.45913e-05,0.0828,4.89999e-05,0.0452,0.0004522,0.0149
0.69987,1.48911e-05,0.0819,5.57999e-05,0.0423,0.0003027,0.0182
0.70182,1.48911e-05,0.0819,5.07999e-05,0.0444,0.0001907,0.0229
0.70377,1.53908e-05,0.0806,5.31999e-05,0.0434,0.0001221,0.0286
0.70573,1.71897e-05,0.0762,5.08999e-05,0.0443,7.87e-05,0.0356
0.70768,1.64902e-05,0.0778,5.66999e-05,0.042,4.66e-05,0.0463
0.70963,1.8389e-05,0.0737,5.41999e-05,0.043,2.88e-05,0.0589
0.71158,1.63902e-05,0.0781,5.60999e-05,0.0422,1.83e-05,0.0739
0.71353,1.5091e-05,0.0814,5.60999e-05,0.0422,8.8e-06,0.1066
0.71549,1.62903e-05,0.0783,5.88999e-05,0.0412,6.3e-06,0.126
0.71744,1.65901e-05,0.0776,5.52999e-05,0.0425,2.9e-06,0.1857
0.71939,1.92885e-05,0.072,5.78999e-05,0.0416,1e-06,0.3162
0.72134,1.76894e-05,0.0752,6.20999e-05,0.0401,1e-06,0.3162
0.72329,1.75895e-05,0.0754,6.04999e-05,0.0407,4e-07,0.5
0.72525,1.86888e-05,0.0731,5.87999e-05,0.0412,2e-07,0.7071
0.7272,1.81891e-05,0.0741,6.37999e-05,0.0396,0.0,0.0
0.72915,2.03878e-05,0.07,6.15999e-05,0.0403,2e-07,0.7071
0.7311,2.0188e-05,0.0704,6.19999e-05,0.0402,0.0,0.0
0.73306,1.62903e-05,0.0783,6.21999e-05,0.0401,0.0,0.0
0.73501,2.13872e-05,0.0684,6.26999e-05,0.0399,0.0,0.0
0.73696,1.79893e-05,0.0745,6.51999e-05,0.0392,0.0,0.0
0.73891,1.90886e-05,0.0724,6.12999e-05,0.0404,0.0,0.0
0.74086,1.98881e-05,0.0709,6.69999e-05,0.0386,0.0,0.0
0.74282,2.16871e-05,0.0679,6.90999e-05,0.038,0.0,0.0
0.74477,2.10874e-05,0.0688,6.38999e-05,0.0396,0.0,0.0
0.74672,2.13872e-05,0.0684,6.64999e-05,0.0388,0.0,0.0
0.74867,2.40856e-05,0.0644,6.94999e-05,0.0379,0.0,0.0
0.75063,2.28863e-05,0.0661,6.34999e-05,0.0397,0.0,0.0
0.75258,2.70838e-05,0.0607,6.77999e-05,0.0384,0.0,0.0
0.75453,2.6884e-05,0.061,7.30999e-05,0.037,0.0,0.0
0.75648,2.62843e-05,0.0617,7.28999e-05,0.037,0.0,0.0
0.75843,2.92825e-05,0.0584,6.81999e-05,0.0383,0.0,0.0
0.76039,2.96823e-05,0.058,7.07999e-05,0.0376,0.0,0.0
0.76234,2.85829e-05,0.0591,6.61999e-05,0.0389,0.0,0.0
0.76429,2.87828e-05,0.0589,7.34999e-05,0.0369,0.0,0.0
0.76624,2.70838e-05,0.0607,7.39999e-05,0.0368,0.0,0.0
0.76819,2.92825e-05,0.0584,7.90999e-05,0.0356,0.0,0.0
0.77015,2.8483e-05,0.0592,7.68999e-05,0.0361,0.0,0.0
0.7721,2.89827e-05,0.0587,7.66999e-05,0.0361,0.0,0.0
0.77405,3.03819e-05,0.0574,7.91999e-05,0.0355,0.0,0.0
0.776,2.90826e-05,0.0586,7.89999e-05,0.0356,0.0,0.0
0.77796,3.04818e-05,0.0573,8.09999e-05,0.0351,0.0,0.0
0.77991,2.81832e-05,0.0595,7.76999e-05,0.0359,0.0,0.0
0.78186,2.63843e-05,0.0615,8.46999e-05,0.0344,0.0,0.0
0.78381,2.48851e-05,0.0634,8.48999e-05,0.0343,0.0,0.0
0.78576,2.47852e-05,0.0635,7.73999e-05,0.0359,0.0,0.0
0.78772,2.36859e-05,0.065,8.24999e-05,0.0348,0.0,0.0
0.78967,2.70838e-05,0.0607,8.37999e-05,0.0345,0.0,0.0
0.79162,2.5085e-05,0.0631,8.55999e-05,0.0342,0.0,0.0
0.79357,2.56847e-05,0.0624,8.92999e-05,0.0335,0.0,0.0
0.79552,2.47852e-05,0.0635,8.65999e-05,0.034,0.0,0.0
0.79748,2.44854e-05,0.0639,9.27998e-05,0.0328,0.0,0.0
0.79943,2.85829e-05,0.0591,8.96999e-05,0.0334,0.0,0.0
0.80138,2.6784e-05,0.0611,9.17998e-05,0.033,0.0,0.0
0.80333,2.63843e-05,0.0615,9.74998e-05,0.032,0.0,0.0
0.80529,2.53849e-05,0.0627,9.97998e-05,0.0317,0.0,0.0
0.80724,2.66841e-05,0.0612,0.0001015,0.0314,0.0,0.0
0.80919,2.65841e-05,0.0613,0.0001045,0.0309,0.0,0.0
0.81114,2.66841e-05,0.0612,0.0001125,0.0298,0.0,0.0
0.81309,2.79833e-05,0.0598,0.0001071,0.0306,0.0,0.0
0.81505,3.03819e-05,0.0574,0.0001139,0.0296,0.0,0.0
0.817,2.96823e-05,0.058,0.0001141,0.0296,0.0,0.0
0.81895,2.88828e-05,0.0588,0.0001165,0.0293,0.0,0.0
0.8209,3.31802e-05,0.0549,0.0001173,0.0292,0.0,0.0
0.82285,2.74836e-05,0.0603,0.0001145,0.0296,0.0,0.0
0.82481,2.57846e-05,0.0623,0.0001177,0.0291,0.0,0.0
0.82676,3.21808e-05,0.0557,0.0001129,0.0298,0.0,0.0
0.82871,3.36799e-05,0.0545,0.0001188,0.029,0.0,0.0
0.83066,3.348e-05,0.0546,0.000119,0.029,0.0,0.0
0.83262,2.99821e-05,0.0577,0.0001172,0.0292,0.0,0.0
0.83457,3.09815e-05,0.0568,0.0001214,0.0287,0.0,0.0
0.83652,3.0082e-05,0.0576,0.0001167,0.0293,0.0,0.0
0.83847,3.13813e-05,0.0564,0.0001176,0.0292,0.0,0.0
0.84042,3.03819e-05,0.0574,0.0001163,0.0293,0.0,0.0
0.84238,3.37798e-05,0.0544,0.0001214,0.0287,0.0,0.0
0.84433,3.31802e-05,0.0549,0.0001096,0.0302,0.0,0.0
0.84628,3.13813e-05,0.0564,0.0001244,0.0284,0.0,0.0
0.84823,3.70779e-05,0.0519,0.0001213,0.0287,0.0,0.0
0.85018,2.97822e-05,0.0579,0.0001285,0.0279,0.0,0.0
0.85214,3.99761e-05,0.05,0.000122,0.0286,0.0,0.0
0.85409,3.16811e-05,0.0562,0.0001182,0.0291,0.0,0.0
0.85604,3.59785e-05,0.0527,0.0001242,0.0284,0.0,0.0
0.85799,3.52789e-05,0.0532,0.0001208,0.0288,0.0,0.0
0.85995,3.64782e-05,0.0523,0.0001257,0.0282,0.0,0.0
0.8619,3.37798e-05,0.0544,0.0001234,0.0285,0.0,0.0
0.86385,3.46793e-05,0.0537,0.0001243,0.0284,0.0,0.0
0.8658,3.47792e-05,0.0536,0.0001371,0.027,0.0,0.0
0.86775,4.00761e-05,0.0499,0.0001337,0.0273,0.0,0.0
0.86971,3.87769e-05,0.0508,0.0001327,0.0274,0.0,0.0
0.87166,4.05758e-05,0.0496,0.000134,0.0273,0.0,0.0
0.87361,4.04758e-05,0.0497,0.0001375,0.027,0.0,0.0
0.87556,4.11754e-05,0.0493,0.0001362,0.0271,0.0,0.0
0.87751,3.82772e-05,0.0511,0.0001452,0.0262,0.0,0.0
0.87947,4.11754e-05,0.0493,0.0001443,0.0263,0.0,0.0
0.88142,4.28744e-05,0.0483,0.0001409,0.0266,0.0,0.0
0.88337,4.00761e-05,0.0499,0.0001489,0.0259,0.0,0.0
0.88532,4.63723e-05,0.0464,0.0001457,0.0262,0.0,0.0
0.88728,4.04758e-05,0.0497,0.0001473,0.0261,0.0,0.0
0.88923,4.17751e-05,0.0489,0.000147,0.0261,0.0,0.0
0.89118,4.53729e-05,0.0469,0.0001483,0.026,0.0,0.0
0.89313,4.3574e-05,0.0479,0.0001464,0.0261,0.0,0.0
0.89508,4.17751e-05,0.0489,0.0001626,0.0248,0.0,0.0
0.89704,3.82772e-05,0.0511,0.000155,0.0254,0.0,0.0
0.89899,4.67721e-05,0.0462,0.0001646,0.0246,0.0,0.0
0.90094,4.5273e-05,0.047,0.0001619,0.0249,0.0,0.0
0.90289,4.16751e-05,0.049,0.00016,0.025,0.0,0.0
0.90484,4.28744e-05,0.0483,0.0001616,0.0249,0.0,0.0
0.9068,4.64723e-05,0.0464,0.0001674,0.0244,0.0,0.0
0.90875,4.31742e-05,0.0481,0.0001592,0.0251,0.0,0.0
0.9107,4.48732e-05,0.0472,0.0001605,0.025,0.0,0.0
0.91265,4.72718e-05,0.046,0.0001709,0.0242,0.0,0.0
0.91461,4.94705e-05,0.0449,0.0001664,0.0245,0.0,0.0
0.91656,4.84711e-05,0.0454,0.0001803,0.0235,0.0,0.0
0.91851,4.65722e-05,0.0463,0.0001861,0.0232,0.0,0.0
0.92046,5.1969e-05,0.0439,0.0001877,0.0231,0.0,0.0
0.92241,5.13693e-05,0.0441,0.0001782,0.0237,0.0,0.0
0.92437,5.027e-05,0.0446,0.000191,0.0229,0.0,0.0
0.92632,5.1869e-05,0.0439,0.0001817,0.0235,0.0,0.0
0.92827,5.46674e-05,0.0428,0.0001891,0.023,0.0,0.0
0.93022,5.15692e-05,0.044,0.0001918,0.0228,0.0,0.0
0.93217,5.3568e-05,0.0432,0.0001866,0.0231,0.0,0.0
0.93413,5.03699e-05,0.0445,0.0001886,0.023,0.0,0.0
0.93608,5.77655e-05,0.0416,0.0001898,0.023,0.0,0.0
0.93803,5.33682e-05,0.0433,0.0001931,0.0228,0.0,0.0
0.93998,5.63664e-05,0.0421,0.0001872,0.0231,0.0,0.0
0.94194,5.44675e-05,0.0428,0.0002018,0.0223,0.0,0.0
0.94389,5.90648e-05,0.0411,0.0001883,0.023,0.0,0.0
0.94584,5.41677e-05,0.043,0.0001953,0.0226,0.0,0.0
0.94779,5.25686e-05,0.0436,0.0001911,0.0229,0.0,0.0
0.94974,5.72658e-05,0.0418,0.0001875,0.0231,0.0,0.0
0.9517,5.5367e-05,0.0425,0.000179,0.0236,0.0,0.0
0.95365,5.60665e-05,0.0422,0.0001827,0.0234,0.0,0.0
0.9556,6.14633e-05,0.0403,0.0001822,0.0234,0.0,0.0
0.95755,5.84651e-05,0.0413,0.0001798,0.0236,0.0,0.0
0.9595,6.30624e-05,0.0398,0.0001791,0.0236,0.0,0.0
0.96146,6.14633e-05,0.0403,0.0001699,0.0243,0.0,0.0
0.96341,6.3762e-05,0.0396,0.000161,0.0249,0.0,0.0
0.96536,6.56608e-05,0.039,0.0001626,0.0248,0.0,0.0
0.96731,6.66602e-05,0.0387,0.0001591,0.0251,0.0,0.0
0.96927,6.83592e-05,0.0382,0.0001495,0.0259,0.0,0.0
0.97122,6.98583e-05,0.0378,0.000152,0.0256,0.0,0.0
0.97317,6.59606e-05,0.0389,0.0001443,0.0263,0.0,0.0
0.97512,6.8659e-05,0.0382,0.0001427,0.0265,0.0,0.0
0.97707,6.84591e-05,0.0382,0.0001292,0.0278,0.0,0.0
0.97903,6.80594e-05,0.0383,0.00013,0.0277,0.0,0.0
0.98098,7.21569e-05,0.0372,0.0001216,0.0287,0.0,0.0
0.98293,7.06578e-05,0.0376,0.0001239,0.0284,0.0,0.0
0.98488,7.45555e-05,0.0366,0.0001221,0.0286,0.0,0.0
0.98683,7.65543e-05,0.0361,0.0001183,0.0291,0.0,0.0
0.98879,7.06578e-05,0.0376,0.0001135,0.0297,0.0,0.0
0.99074,7.84532e-05,0.0357,0.0001145,0.0296,0.0,0.0
0.99269,7.77536e-05,0.0359,0.0001059,0.0307,0.0,0.0
0.99464,8.12515e-05,0.0351,0.0001106,0.0301,0.0,0.0
0.9966,7.80534e-05,0.0358,0.0001095,0.0302,0.0,0.0
0.99855,7.89529e-05,0.0356,0.0001035,0.0311,0.0,0.0
1.0005,8.14514e-05,0.035,0.0001125,0.0298,0.0,0.0
1.0025,7.67542e-05,0.0361,0.0001023,0.0313,0.0,0.0
1.0044,8.03521e-05,0.0353,0.0001031,0.0311,0.0,0.0
1.0064,7.97524e-05,0.0354,0.000101,0.0315,0.0,0.0
1.0083,8.12515e-05,0.0351,0.0001041,0.031,0.0,0.0
1.0103,8.74478e-05,0.0338,0.000102,0.0313,0.0,0.0
1.0122,8.42497e-05,0.0344,0.0001009,0.0315,0.0,0.0
1.0142,8.81474e-05,0.0337,0.0001073,0.0305,0.0,0.0
1.0161,9.06459e-05,0.0332,0.0001015,0.0314,0.0,0.0
1.0181,8.40498e-05,0.0345,0.0001011,0.0314,0.0,0.0
1.02,8.76477e-05,0.0338,9.96998e-05,0.0317,0.0,0.0
1.022,9.10457e-05,0.0331,0.000103,0.0312,0.0,0.0
1.0239,8.79475e-05,0.0337,0.0001055,0.0308,0.0,0.0
1.0259,8.61486e-05,0.0341,0.0001041,0.031,0.0,0.0
1.0278,9.41438e-05,0.0326,0.0001012,0.0314,0.0,0.0
1.0298,9.31444e-05,0.0328,0.0001079,0.0304,0.0,0.0
1.0317,9.48434e-05,0.0325,9.90998e-05,0.0318,0.0,0.0
1.0337,9.5543e-05,0.0323,0.0001065,0.0306,0.0,0.0
1.0356,9.17453e-05,0.033,0.0001023,0.0313,0.0,0.0
1.0376,9.63425e-05,0.0322,0.0001085,0.0304,0.0,0.0
1.0395,9.02461e-05,0.0333,0.0001066,0.0306,0.0,0.0
1.0415,9.63425e-05,0.0322,0.0001079,0.0304,0.0,0.0
1.0434,9.51432e-05,0.0324,0.0001027,0.0312,0.0,0.0
1.0454,9.06459e-05,0.0332,0.0001151,0.0295,0.0,0.0
1.0474,9.57429e-05,0.0323,0.0001069,0.0306,0.0,0.0
1.0493,8.86471e-05,0.0336,0.0001123,0.0298,0.0,0.0
1.0513,8.29505e-05,0.0347,0.0001127,0.0298,0.0,0.0
1.0532,8.56489e-05,0.0342,0.0001151,0.0295,0.0,0.0
1.0552,8.03521e-05,0.0353,0.0001105,0.0301,0.0,0.0
1.0571,8.63485e-05,0.034,0.000113,0.0297,0.0,0.0
1.0591,7.40558e-05,0.0367,0.000108,0.0304,0.0,0.0
1.061,6.8759e-05,0.0381,0.0001187,0.029,0.0,0.0
1.063,6.88589e-05,0.0381,0.0001187,0.029,0.0,0.0
1.0649,6.59606e-05,0.0389,0.0001173,0.0292,0.0,0.0
1.0669,6.16632e-05,0.0403,0.0001178,0.0291,0.0,0.0
1.0688,5.51671e-05,0.0426,0.0001273,0.028,0.0,0.0
1.0708,5.45674e-05,0.0428,0.0001172,0.0292,0.0,0.0
1.0727,4.80713e-05,0.0456,0.0001221,0.0286,0.0,0.0
1.0747,4.54729e-05,0.0469,0.0001181,0.0291,0.0,0.0
1.0766,4.54729e-05,0.0469,0.0001227,0.0285,0.0,0.0
1.0786,4.16751e-05,0.049,0.0001225,0.0286,0.0,0.0
1.0805,3.58786e-05,0.0528,0.000125,0.0283,0.0,0.0
1.0825,3.43795e-05,0.0539,0.0001236,0.0284,0.0,0.0
1.0844,3.45794e-05,0.0538,0.0001275,0.028,0.0,0.0
1.0864,3.23807e-05,0.0556,0.000134,0.0273,0.0,0.0
1.0883,3.07816e-05,0.057,0.0001296,0.0278,0.0,0.0
1.0903,2.69839e-05,0.0609,0.0001261,0.0282,0.0,0.0
1.0923,2.35859e-05,0.0651,0.0001284,0.0279,0.0,0.0
1.0942,2.79833e-05,0.0598,0.0001258,0.0282,0.0,0.0
1.0962,2.30862e-05,0.0658,0.0001337,0.0273,0.0,0.0
1.0981,2.08875e-05,0.0692,0.0001205,0.0288,0.0,0.0
1.1001,1.94884e-05,0.0716,0.0001376,0.027,0.0,0.0
1.102,1.8489e-05,0.0735,0.0001286,0.0279,0.0,0.0
1.104,1.79893e-05,0.0745,0.0001283,0.0279,0.0,0.0
1.1059,1.60904e-05,0.0788,0.0001169,0.0292,0.0,0.0
1.1079,1.669e-05,0.0774,0.0001176,0.0292,0.0,0.0
1.1098,1.43914e-05,0.0833,0.0001176,0.0292,0.0,0.0
1.1118,1.3392e-05,0.0864,0.0001132,0.0297,0.0,0.0
1.1137,1.18929e-05,0.0917,0.0001121,0.0299,0.0,0.0
1.1157,1.14931e-05,0.0932,0.0001013,0.0314,0.0,0.0
1.1176,1.11933e-05,0.0945,0.0001013,0.0314,0.0,0.0
1.1196,1.03938e-05,0.0981,9.72998e-05,0.0321,0.0,0.0
1.1215,1.29922e-05,0.0877,9.47998e-05,0.0325,0.0,0.0
1.1235,7.89529e-06,0.1125,9.39998e-05,0.0326,0.0,0.0
1.1254,8.19511e-06,0.1104,9.21998e-05,0.0329,0.0,0.0
1.1274,7.69541e-06,0.114,9.01999e-05,0.0333,0.0,0.0
1.1293,7.69541e-06,0.114,0.0001025,0.0312,0.0,0.0
1.1313,7.59547e-06,0.1147,0.0001176,0.0292,0.0,0.0
1.1332,5.39678e-06,0.1361,0.0001496,0.0259,0.0,0.0
1.1352,5.59666e-06,0.1336,0.0001886,0.023,0.0,0.0
1.1372,6.1963e-06,0.127,0.000245,0.0202,0.0,0.0
1.1391,5.09696e-06,0.14,0.000343299,0.0171,0.0,0.0
1.1411,5.09696e-06,0.14,0.000464199,0.0147,0.0,0.0
1.143,4.39738e-06,0.1508,0.000631599,0.0126,0.0,0.0
1.145,4.09755e-06,0.1562,0.000850199,0.0108,0.0,0.0
1.1469,2.89827e-06,0.1857,0.0010908,0.0096,0.0,0.0
1.1489,3.19809e-06,0.1768,0.0014496,0.0083,0.0,0.0
1.1508,2.49851e-06,0.2,0.0018902,0.0073,0.0,0.0
1.1528,2.09875e-06,0.2182,0.0023602,0.0065,0.0,0.0
1.1547,2.79833e-06,0.189,0.0029266,0.0058,0.0,0.0
1.1567,2.49851e-06,0.2,0.00355259,0.0053,0.0,0.0
1.1586,1.29922e-06,0.2773,0.00420309,0.0049,0.0,0.0
1.1606,1.79893e-06,0.2357,0.00490139,0.0045,0.0,0.0
1.1625,9.99404e-07,0.3162,0.00556869,0.0042,0.0,0.0
1.1645,1.19928e-06,0.2887,0.00628879,0.004,0.0,0.0
1.1664,9.99404e-07,0.3162,0.00691499,0.0038,0.0,0.0
1.1684,1.29922e-06,0.2773,0.00740599,0.0037,0.0,0.0
1.1703,1.09934e-06,0.3015,0.00781749,0.0036,0.0,0.0
1.1723,1.39917e-06,0.2673,0.00803339,0.0035,0.0,0.0
1.1742,8.99463e-07,0.3333,0.00812639,0.0035,0.0,0.0
1.1762,5.99642e-07,0.4082,0.00804179,0.0035,0.0,0.0
1.1781,7.99523e-07,0.3536,0.00779009,0.0036,0.0,0.0
1.1801,6.99583e-07,0.378,0.00739289,0.0037,0.0,0.0
1.182,1.59905e-06,0.25,0.00685129,0.0038,0.0,0.0
1.184,1.09934e-06,0.3015,0.00626619,0.004,0.0,0.0
1.186,6.99583e-07,0.378,0.00558569,0.0042,0.0,0.0
1.1879,5.99642e-07,0.4082,0.00490509,0.0045,0.0,0.0
1.1899,4.99702e-07,0.4472,0.00416669,0.0049,0.0,0.0
1.1918,5.99642e-07,0.4082,0.00350539,0.0053,0.0,0.0
1.1938,8.99463e-07,0.3333,0.0028657,0.0059,0.0,0.0
1.1957,2.99821e-07,0.5774,0.0023239,0.0066,0.0,0.0
1.1977,2.99821e-07,0.5774,0.0018403,0.0074,0.0,0.0
1.1996,4.99702e-07,0.4472,0.0014028,0.0084,0.0,0.0
1.2016,3.99761e-07,0.5,0.0010529,0.0097,0.0,0.0
1.2035,1.99881e-07,0.7071,0.000789599,0.0112,0.0,0.0
1.2055,1.99881e-07,0.7071,0.000586599,0.0131,0.0,0.0
1.2074,4.99702e-07,0.4472,0.000399699,0.0158,0.0,0.0
1.2094,4.99702e-07,0.4472,0.0002853,0.0187,0.0,0.0
1.2113,7.99523e-07,0.3536,0.0001985,0.0224,0.0,0.0
1.2133,3.99761e-07,0.5,0.0001301,0.0277,0.0,0.0
1.2152,8.99463e-07,0.3333,8.62999e-05,0.034,0.0,0.0
1.2172,9.99404e-07,0.3162,5.91999e-05,0.0411,0.0,0.0
1.2191,2.19869e-06,0.2132,3.61999e-05,0.0526,0.0,0.0
1.2211,2.69839e-06,0.1924,2.53e-05,0.0629,0.0,0.0
1.223,4.79714e-06,0.1443,1.43e-05,0.0836,0.0,0.0
1.225,6.09636e-06,0.128,9.79998e-06,0.101,0.0,0.0
1.2269,1.3392e-05,0.0864,6.29999e-06,0.126,0.0,0.0
1.2289,1.94884e-05,0.0716,3.59999e-06,0.1667,0.0,0.0
1.2309,2.82831e-05,0.0594,3.09999e-06,0.1796,0.0,0.0
1.2328,4.5273e-05,0.047,1.4e-06,0.2673,0.0,0.0
1.2348,6.72599e-05,0.0385,1.3e-06,0.2773,0.0,0.0
1.2367,0.000101739,0.0313,8.99999e-07,0.3333,0.0,0.0
1.2387,0.000159305,0.025,1.8e-06,0.2357,0.0,0.0
1.2406,0.00021727,0.0214,1.1e-06,0.3015,0.0,0.0
1.2426,0.000306917,0.018,9.99998e-07,0.3162,0.0,0.0
1.2445,0.000427445,0.0153,7.99999e-07,0.3536,0.0,0.0
1.2465,0.000593646,0.013,6.99999e-07,0.378,0.0,0.0
1.2484,0.00078843,0.0113,1.2e-06,0.2887,0.0,0.0
1.2504,0.00104538,0.0098,8.99999e-07,0.3333,0.0,0.0
1.2523,0.00136598,0.0085,4.99999e-07,0.4472,0.0,0.0
1.2543,0.00169229,0.0077,3.99999e-07,0.5,0.0,0.0
1.2562,0.00211564,0.0069,6.99999e-07,0.378,0.0,0.0
1.2582,0.00257406,0.0062,3.99999e-07,0.5,0.0,0.0
1.2601,0.00304688,0.0057,4.99999e-07,0.4472,0.0,0.0
1.2621,0.00356867,0.0053,3.99999e-07,0.5,0.0,0.0
1.264,0.00407757,0.0049,8.99999e-07,0.3333,0.0,0.0
1.266,0.00454219,0.0047,3e-07,0.5774,0.0,0.0
1.2679,0.00495155,0.0045,6.99999e-07,0.378,0.0,0.0
1.2699,0.00528724,0.0043,1.1e-06,0.3015,0.0,0.0
1.2718,0.00555598,0.0042,7.99999e-07,0.3536,0.0,0.0
1.2738,0.00568811,0.0042,1.4e-06,0.2673,0.0,0.0
1.2758,0.00575097,0.0042,1.9e-06,0.2294,0.0,0.0
1.2777,0.00567331,0.0042,3.19999e-06,0.1768,0.0,0.0
1.2797,0.00549002,0.0043,4.29999e-06,0.1525,0.0,0.0
1.2816,0.00524847,0.0044,7.59999e-06,0.1147,0.0,0.0
1.2836,0.00481992,0.0045,1.26e-05,0.0891,0.0,0.0
1.2855,0.00439997,0.0048,2.08e-05,0.0693,0.0,0.0
1.2875,0.00391906,0.005,3.07999e-05,0.057,0.0,0.0
1.2894,0.00343555,0.0054,4.68999e-05,0.0462,0.0,0.0
1.2914,0.00292845,0.0058,7.53999e-05,0.0364,0.0,0.0
1.2933,0.00246363,0.0064,0.0001126,0.0298,0.0,0.0
1.2953,0.0020127,0.007,0.0001698,0.0243,0.0,0.0
1.2972,0.00161943,0.0078,0.0002458,0.0202,0.0,0.0
1.2992,0.00130112,0.0088,0.000345699,0.017,0.0,0.0
1.3011,0.000978416,0.0101,0.000480399,0.0144,0.0,0.0
1.3031,0.000740958,0.0116,0.000673999,0.0122,0.0,0.0
1.305,0.000537679,0.0136,0.000912898,0.0105,0.0,0.0
1.307,0.000406457,0.0157,0.0012088,0.0091,0.0,0.0
1.3089,0.000282431,0.0188,0.0016084,0.0079,0.0,0.0
1.3109,0.000193085,0.0227,0.0020668,0.0069,0.0,0.0
1.3128,0.000129223,0.0278,0.0025578,0.0062,0.0,0.0
1.3148,9.17453e-05,0.033,0.00314829,0.0056,0.0,0.0
1.3167,6.38619e-05,0.0396,0.00381519,0.0051,0.0,0.0
1.3187,3.8577e-05,0.0509,0.00449249,0.0047,0.0,0.0
1.3207,2.44854e-05,0.0639,0.00519929,0.0044,0.0,0.0
1.3226,1.29922e-05,0.0877,0.00589799,0.0041,0.0,0.0
1.3246,9.59427e-06,0.1021,0.00651369,0.0039,0.0,0.0
1.3265,5.29684e-06,0.1374,0.00706819,0.0037,0.0,0.0
1.3285,3.09815e-06,0.1796,0.00752679,0.0036,0.0,0.0
1.3304,2.09875e-06,0.2182,0.00783169,0.0036,0.0,0.0
1.3324,4.99702e-07,0.4472,0.00799699,0.0035,0.0,0.0
1.3343,6.99583e-07,0.378,0.00798919,0.0035,0.0,0.0
1.3363,1.99881e-07,0.7071,0.00790449,0.0035,0.0,0.0
1.3382,1.99881e-07,0.7071,0.00759499,0.0036,0.0,0.0
1.3402,0.0,0.0,0.00715139,0.0037,0.0,0.0
1.3421,1.99881e-07,0.7071,0.00656809,0.0039,0.0,0.0
1.3441,0.0,0.0,0.00598279,0.0041,0.0,0.0
1.346,9.99404e-08,1.0,0.00526149,0.0043,0.0,0.0
1.348,0.0,0.0,0.00458529,0.0047,0.0,0.0
1.3499,0.0,0.0,0.00386229,0.0051,0.0,0.0
1.3519,0.0,0.0,0.00325729,0.0055,0.0,0.0
1.3538,0.0,0.0,0.0026514,0.0061,0.0,0.0
1.3558,0.0,0.0,0.002115,0.0069,0.0,0.0
1.3577,0.0,0.0,0.0016675,0.0077,0.0,0.0
1.3597,0.0,0.0,0.0012603,0.0089,0.0,0.0
1.3616,0.0,0.0,0.000952398,0.0102,0.0,0.0
1.3636,0.0,0.0,0.000694799,0.012,0.0,0.0
1.3656,0.0,0.0,0.000515799,0.0139,0.0,0.0
1.3675,0.0,0.0,0.000357699,0.0167,0.0,0.0
1.3695,0.0,0.0,0.0002456,0.0202,0.0,0.0
1.3714,0.0,0.0,0.000163,0.0248,0.0,0.0
1.3734,0.0,0.0,0.0001155,0.0294,0.0,0.0
1.3753,0.0,0.0,7.39999e-05,0.0368,0.0,0.0
1.3773,0.0,0.0,4.94999e-05,0.0449,0.0,0.0
1.3792,0.0,0.0,3.12999e-05,0.0565,0.0,0.0
1.3812,0.0,0.0,1.64e-05,0.0781,0.0,0.0
1.3831,0.0,0.0,1.19e-05,0.0917,0.0,0.0
1.3851,0.0,0.0,6.39999e-06,0.125,0.0,0.0
1.387,0.0,0.0,3.29999e-06,0.1741,0.0,0.0
1.389,0.0,0.0,1.9e-06,0.2294,0.0,0.0
1.3909,0.0,0.0,6.99999e-07,0.378,0.0,0.0
1.3929,0.0,0.0,5.99999e-07,0.4082,0.0,0.0
1.3948,0.0,0.0,4.99999e-07,0.4472,0.0,0.0
1.3968,0.0,0.0,2e-07,0.7071,0.0,0.0
1.3987,0.0,0.0,0.0,0.0,0.0,0.0
1.4007,0.0,0.0,3e-07,0.5774,0.0,0.0
1.4026,0.0,0.0,0.0,0.0,0.0,0.0
1.4046,0.0,0.0,0.0,0.0,0.0,0.0
1.4065,0.0,0.0,0.0,0.0,0.0,0.0
1.4085,0.0,0.0,0.0,0.0,0.0,0.0
1.4105,0.0,0.0,0.0,0.0,0.0,0.0
1.4124,0.0,0.0,0.0,0.0,0.0,0.0
1.4144,0.0,0.0,0.0,0.0,0.0,0.0
1.4163,0.0,0.0,0.0,0.0,0.0,0.0
1.4183,0.0,0.0,0.0,0.0,0.0,0.0
1.4202,0.0,0.0,0.0,0.0,0.0,0.0
1.4222,0.0,0.0,0.0,0.0,0.0,0.0
1.4241,0.0,0.0,0.0,0.0,0.0,0.0
1.4261,0.0,0.0,0.0,0.0,0.0,0.0
1.428,0.0,0.0,0.0,0.0,0.0,0.0
1.43,0.0,0.0,0.0,0.0,0.0,0.0
1.4319,0.0,0.0,0.0,0.0,0.0,0.0
1.4339,0.0,0.0,0.0,0.0,0.0,0.0
1.4358,0.0,0.0,0.0,0.0,0.0,0.0
1.4378,0.0,0.0,0.0,0.0,0.0,0.0
1.4397,0.0,0.0,0.0,0.0,0.0,0.0
1.4417,0.0,0.0,0.0,0.0,0.0,0.0
1.4436,0.0,0.0,0.0,0.0,0.0,0.0
1.4456,0.0,0.0,0.0,0.0,0.0,0.0
1.4475,0.0,0.0,0.0,0.0,0.0,0.0
1.4495,0.0,0.0,0.0,0.0,0.0,0.0
1.4514,0.0,0.0,0.0,0.0,0.0,0.0
1.4534,0.0,0.0,0.0,0.0,0.0,0.0
1.4554,0.0,0.0,0.0,0.0,0.0,0.0
1.4573,0.0,0.0,0.0,0.0,0.0,0.0
1.4593,0.0,0.0,0.0,0.0,0.0,0.0
1.4612,0.0,0.0,0.0,0.0,0.0,0.0
1.4632,0.0,0.0,0.0,0.0,0.0,0.0
1.4651,0.0,0.0,0.0,0.0,0.0,0.0
1.4671,0.0,0.0,0.0,0.0,0.0,0.0
1.469,0.0,0.0,0.0,0.0,0.0,0.0
1.471,0.0,0.0,0.0,0.0,0.0,0.0
1.4729,0.0,0.0,0.0,0.0,0.0,0.0
1.4749,0.0,0.0,0.0,0.0,0.0,0.0
1.4768,0.0,0.0,0.0,0.0,0.0,0.0
1.4788,0.0,0.0,0.0,0.0,0.0,0.0
1.4807,0.0,0.0,0.0,0.0,0.0,0.0
1.4827,0.0,0.0,0.0,0.0,0.0,0.0
1.4846,0.0,0.0,0.0,0.0,0.0,0.0
1.4866,0.0,0.0,0.0,0.0,0.0,0.0
1.4885,0.0,0.0,0.0,0.0,0.0,0.0
1.4905,0.0,0.0,0.0,0.0,0.0,0.0
1.4924,0.0,0.0,0.0,0.0,0.0,0.0
1.4944,0.0,0.0,0.0,0.0,0.0,0.0
1.4963,0.0,0.0,0.0,0.0,0.0,0.0
1.4983,0.0,0.0,0.0,0.0,0.0,0.0
1.5003,0.0,0.0,0.0,0.0,0.0,0.0
1.5022,0.0,0.0,0.0,0.0,0.0,0.0
1.5042,0.0,0.0,0.0,0.0,0.0,0.0
1.5061,0.0,0.0,0.0,0.0,0.0,0.0
1.5081,0.0,0.0,0.0,0.0,0.0,0.0
1.51,0.0,0.0,0.0,0.0,0.0,0.0
1.512,0.0,0.0,0.0,0.0,0.0,0.0
1.5139,0.0,0.0,0.0,0.0,0.0,0.0
1.5159,0.0,0.0,0.0,0.0,0.0,0.0
1.5178,0.0,0.0,0.0,0.0,0.0,0.0
1.5198,0.0,0.0,0.0,0.0,0.0,0.0
1.5217,0.0,0.0,0.0,0.0,0.0,0.0
1.5237,0.0,0.0,0.0,0.0,0.0,0.0
1.5256,0.0,0.0,0.0,0.0,0.0,0.0
1.5276,0.0,0.0,0.0,0.0,0.0,0.0
1.5295,0.0,0.0,0.0,0.0,0.0,0.0
1.5315,0.0,0.0,0.0,0.0,0.0,0.0
1.5334,0.0,0.0,0.0,0.0,0.0,0.0
1.5354,0.0,0.0,0.0,0.0,0.0,0.0
1.5373,0.0,0.0,0.0,0.0,0.0,0.0
1.5393,0.0,0.0,0.0,0.0,0.0,0.0
1.5412,0.0,0.0,0.0,0.0,0.0,0.0
1.5432,0.0,0.0,0.0,0.0,0.0,0.0
1.5451,0.0,0.0,0.0,0.0,0.0,0.0
1.5471,0.0,0.0,0.0,0.0,0.0,0.0
1.5491,0.0,0.0,0.0,0.0,0.0,0.0
1.551,0.0,0.0,0.0,0.0,0.0,0.0
1.553,0.0,0.0,0.0,0.0,0.0,0.0
1.5549,0.0,0.0,0.0,0.0,0.0,0.0
1.5569,0.0,0.0,0.0,0.0,0.0,0.0
1.5588,0.0,0.0,0.0,0.0,0.0,0.0
1.5608,0.0,0.0,0.0,0.0,0.0,0.0
1.5627,0.0,0.0,0.0,0.0,0.0,0.0
1.5647,0.0,0.0,0.0,0.0,0.0,0.0
1.5666,0.0,0.0,0.0,0.0,0.0,0.0
1.5686,0.0,0.0,0.0,0.0,0.0,0.0
1.5705,0.0,0.0,0.0,0.0,0.0,0.0
1.5725,0.0,0.0,0.0,0.0,0.0,0.0
1.5744,0.0,0.0,0.0,0.0,0.0,0.0
1.5764,0.0,0.0,0.0,0.0,0.0,0.0
1.5783,0.0,0.0,0.0,0.0,0.0,0.0
1.5803,0.0,0.0,0.0,0.0,0.0,0.0
1.5822,0.0,0.0,0.0,0.0,0.0,0.0
1.5842,0.0,0.0,0.0,0.0,0.0,0.0
1.5861,0.0,0.0,0.0,0.0,0.0,0.0
1.5881,0.0,0.0,0.0,0.0,0.0,0.0
1.59,0.0,0.0,0.0,0.0,0.0,0.0
1.592,0.0,0.0,0.0,0.0,0.0,0.0
1.594,0.0,0.0,0.0,0.0,0.0,0.0
1.5959,0.0,0.0,0.0,0.0,0.0,0.0
1.5979,0.0,0.0,0.0,0.0,0.0,0.0
1.5998,0.0,0.0,0.0,0.0,0.0,0.0
1.6018,0.0,0.0,0.0,0.0,0.0,0.0
1.6037,0.0,0.0,0.0,0.0,0.0,0.0
1.6057,0.0,0.0,0.0,0.0,0.0,0.0
1.6076,0.0,0.0,0.0,0.0,0.0,0.0
1.6096,0.0,0.0,0.0,0.0,0.0,0.0
1.6115,0.0,0.0,0.0,0.0,0.0,0.0
1.6135,0.0,0.0,0.0,0.0,0.0,0.0
1.6154,0.0,0.0,0.0,0.0,0.0,0.0
1.6174,0.0,0.0,0.0,0.0,0.0,0.0
1.6193,0.0,0.0,0.0,0.0,0.0,0.0
1.6213,0.0,0.0,0.0,0.0,0.0,0.0
1.6232,0.0,0.0,0.0,0.0,0.0,0.0
1.6252,0.0,0.0,0.0,0.0,0.0,0.0
1.6271,0.0,0.0,0.0,0.0,0.0,0.0
1.6291,0.0,0.0,0.0,0.0,0.0,0.0
1.631,0.0,0.0,0.0,0.0,0.0,0.0
1.633,0.0,0.0,0.0,0.0,0.0,0.0
1.6349,0.0,0.0,0.0,0.0,0.0,0.0
1.6369,0.0,0.0,0.0,0.0,0.0,0.0
1.6389,0.0,0.0,0.0,0.0,0.0,0.0
1.6408,0.0,0.0,0.0,0.0,0.0,0.0
1.6428,0.0,0.0,0.0,0.0,0.0,0.0
1.6447,0.0,0.0,0.0,0.0,0.0,0.0
1.6467,0.0,0.0,0.0,0.0,0.0,0.0
1.6486,0.0,0.0,0.0,0.0,0.0,0.0
1.6506,0.0,0.0,0.0,0.0,0.0,0.0
1.6525,0.0,0.0,0.0,0.0,0.0,0.0
1.6545,0.0,0.0,0.0,0.0,0.0,0.0
1.6564,0.0,0.0,0.0,0.0,0.0,0.0
1.6584,0.0,0.0,0.0,0.0,0.0,0.0
1.6603,0.0,0.0,0.0,0.0,0.0,0.0
1.6623,0.0,0.0,0.0,0.0,0.0,0.0
1.6642,0.0,0.0,0.0,0.0,0.0,0.0
1.6662,0.0,0.0,0.0,0.0,0.0,0.0
1.6681,0.0,0.0,0.0,0.0,0.0,0.0
1.6701,0.0,0.0,0.0,0.0,0.0,0.0
1.672,0.0,0.0,0.0,0.0,0.0,0.0
1.674,0.0,0.0,0.0,0.0,0.0,0.0
1.6759,0.0,0.0,0.0,0.0,0.0,0.0
1.6779,0.0,0.0,0.0,0.0,0.0,0.0
1.6798,0.0,0.0,0.0,0.0,0.0,0.0
1.6818,0.0,0.0,0.0,0.0,0.0,0.0
1.6838,0.0,0.0,0.0,0.0,0.0,0.0
1.6857,0.0,0.0,0.0,0.0,0.0,0.0
1.6877,0.0,0.0,0.0,0.0,0.0,0.0
1.6896,0.0,0.0,0.0,0.0,0.0,0.0
1.6916,0.0,0.0,0.0,0.0,0.0,0.0
1.6935,0.0,0.0,0.0,0.0,0.0,0.0
1.6955,0.0,0.0,0.0,0.0,0.0,0.0
1.6974,0.0,0.0,0.0,0.0,0.0,0.0
1.6994,0.0,0.0,0.0,0.0,0.0,0.0
1.7013,0.0,0.0,0.0,0.0,0.0,0.0
1.7033,0.0,0.0,0.0,0.0,0.0,0.0
1.7052,0.0,0.0,0.0,0.0,0.0,0.0
1.7072,0.0,0.0,0.0,0.0,0.0,0.0
1.7091,0.0,0.0,0.0,0.0,0.0,0.0
1.7111,0.0,0.0,0.0,0.0,0.0,0.0
1.713,0.0,0.0,0.0,0.0,0.0,0.0
1.715,0.0,0.0,0.0,0.0,0.0,0.0
1.7169,0.0,0.0,0.0,0.0,0.0,0.0
1.7189,0.0,0.0,0.0,0.0,0.0,0.0
1.7208,0.0,0.0,0.0,0.0,0.0,0.0
1.7228,0.0,0.0,0.0,0.0,0.0,0.0
1.7247,0.0,0.0,0.0,0.0,0.0,0.0
1.7267,0.0,0.0,0.0,0.0,0.0,0.0
1.7287,0.0,0.0,0.0,0.0,0.0,0.0
1.7306,0.0,0.0,0.0,0.0,0.0,0.0
1.7326,0.0,0.0,0.0,0.0,0.0,0.0
1.7345,0.0,0.0,0.0,0.0,0.0,0.0
1.7365,0.0,0.0,0.0,0.0,0.0,0.0
1.7384,0.0,0.0,0.0,0.0,0.0,0.0
1.7404,0.0,0.0,0.0,0.0,0.0,0.0
1.7423,0.0,0.0,0.0,0.0,0.0,0.0
1.7443,0.0,0.0,0.0,0.0,0.0,0.0
1.7462,0.0,0.0,0.0,0.0,0.0,0.0
1.7482,0.0,0.0,0.0,0.0,0.0,0.0
1.7501,0.0,0.0,0.0,0.0,0.0,0.0
1.7521,0.0,0.0,0.0,0.0,0.0,0.0
1.754,0.0,0.0,0.0,0.0,0.0,0.0
1.756,0.0,0.0,0.0,0.0,0.0,0.0
1.7579,0.0,0.0,0.0,0.0,0.0,0.0
1.7599,0.0,0.0,0.0,0.0,0.0,0.0
1.7618,0.0,0.0,0.0,0.0,0.0,0.0
1.7638,0.0,0.0,0.0,0.0,0.0,0.0
1.7657,0.0,0.0,0.0,0.0,0.0,0.0
1.7677,0.0,0.0,0.0,0.0,0.0,0.0
1.7696,0.0,0.0,0.0,0.0,0.0,0.0
1.7716,0.0,0.0,0.0,0.0,0.0,0.0
1.7736,0.0,0.0,0.0,0.0,0.0,0.0
1.7755,0.0,0.0,0.0,0.0,0.0,0.0
1.7775,0.0,0.0,0.0,0.0,0.0,0.0
1.7794,0.0,0.0,0.0,0.0,0.0,0.0
1.7814,0.0,0.0,0.0,0.0,0.0,0.0
1.7833,0.0,0.0,0.0,0.0,0.0,0.0
1.7853,0.0,0.0,0.0,0.0,0.0,0.0
1.7872,0.0,0.0,0.0,0.0,0.0,0.0
1.7892,0.0,0.0,0.0,0.0,0.0,0.0
1.7911,0.0,0.0,0.0,0.0,0.0,0.0
1.7931,0.0,0.0,0.0,0.0,0.0,0.0
1.795,0.0,0.0,0.0,0.0,0.0,0.0
1.797,0.0,0.0,0.0,0.0,0.0,0.0
1.7989,0.0,0.0,0.0,0.0,0.0,0.0
1.8009,0.0,0.0,0.0,0.0,0.0,0.0
1.8028,0.0,0.0,0.0,0.0,0.0,0.0
1.8048,0.0,0.0,0.0,0.0,0.0,0.0
1.8067,0.0,0.0,0.0,0.0,0.0,0.0
1.8087,0.0,0.0,0.0,0.0,0.0,0.0
1.8106,0.0,0.0,0.0,0.0,0.0,0.0
1.8126,0.0,0.0,0.0,0.0,0.0,0.0
1.8145,0.0,0.0,0.0,0.0,0.0,0.0
1.8165,0.0,0.0,0.0,0.0,0.0,0.0
1.8185,0.0,0.0,0.0,0.0,0.0,0.0
1.8204,0.0,0.0,0.0,0.0,0.0,0.0
1.8224,0.0,0.0,0.0,0.0,0.0,0.0
1.8243,0.0,0.0,0.0,0.0,0.0,0.0
1.8263,0.0,0.0,0.0,0.0,0.0,0.0
1.8282,0.0,0.0,0.0,0.0,0.0,0.0
1.8302,0.0,0.0,0.0,0.0,0.0,0.0
1.8321,0.0,0.0,0.0,0.0,0.0,0.0
1.8341,0.0,0.0,0.0,0.0,0.0,0.0
1.836,0.0,0.0,0.0,0.0,0.0,0.0
1.838,0.0,0.0,0.0,0.0,0.0,0.0
1.8399,0.0,0.0,0.0,0.0,0.0,0.0
1.8419,0.0,0.0,0.0,0.0,0.0,0.0
1.8438,0.0,0.0,0.0,0.0,0.0,0.0
1.8458,0.0,0.0,0.0,0.0,0.0,0.0
1.8477,0.0,0.0,0.0,0.0,0.0,0.0
1.8497,0.0,0.0,0.0,0.0,0.0,0.0
1.8516,0.0,0.0,0.0,0.0,0.0,0.0
1.8536,0.0,0.0,0.0,0.0,0.0,0.0
1.8555,0.0,0.0,0.0,0.0,0.0,0.0
1.8575,0.0,0.0,0.0,0.0,0.0,0.0
1.8594,0.0,0.0,0.0,0.0,0.0,0.0
1.8614,0.0,0.0,0.0,0.0,0.0,0.0
1.8633,0.0,0.0,0.0,0.0,0.0,0.0
1.8653,0.0,0.0,0.0,0.0,0.0,0.0
1.8673,0.0,0.0,0.0,0.0,0.0,0.0
1.8692,0.0,0.0,0.0,0.0,0.0,0.0
1.8712,0.0,0.0,0.0,0.0,0.0,0.0
1.8731,0.0,0.0,0.0,0.0,0.0,0.0
1.8751,0.0,0.0,0.0,0.0,0.0,0.0
1.877,0.0,0.0,0.0,0.0,0.0,0.0
1.879,0.0,0.0,0.0,0.0,0.0,0.0
1.8809,0.0,0.0,0.0,0.0,0.0,0.0
1.8829,0.0,0.0,0.0,0.0,0.0,0.0
1.8848,0.0,0.0,0.0,0.0,0.0,0.0
1.8868,0.0,0.0,0.0,0.0,0.0,0.0
1.8887,0.0,0.0,0.0,0.0,0.0,0.0
1.8907,0.0,0.0,0.0,0.0,0.0,0.0
1.8926,0.0,0.0,0.0,0.0,0.0,0.0
1.8946,0.0,0.0,0.0,0.0,0.0,0.0
1.8965,0.0,0.0,0.0,0.0,0.0,0.0
1.8985,0.0,0.0,0.0,0.0,0.0,0.0
1.9004,0.0,0.0,0.0,0.0,0.0,0.0
1.9024,0.0,0.0,0.0,0.0,0.0,0.0
1.9043,0.0,0.0,0.0,0.0,0.0,0.0
1.9063,0.0,0.0,0.0,0.0,0.0,0.0
1.9082,0.0,0.0,0.0,0.0,0.0,0.0
1.9102,0.0,0.0,0.0,0.0,0.0,0.0
1.9122,0.0,0.0,0.0,0.0,0.0,0.0
1.9141,0.0,0.0,0.0,0.0,0.0,0.0
1.9161,0.0,0.0,0.0,0.0,0.0,0.0
1.918,0.0,0.0,0.0,0.0,0.0,0.0
1.92,0.0,0.0,0.0,0.0,0.0,0.0
1.9219,0.0,0.0,0.0,0.0,0.0,0.0
1.9239,0.0,0.0,0.0,0.0,0.0,0.0
1.9258,0.0,0.0,0.0,0.0,0.0,0.0
1.9278,0.0,0.0,0.0,0.0,0.0,0.0
1.9297,0.0,0.0,0.0,0.0,0.0,0.0
1.9317,0.0,0.0,0.0,0.0,0.0,0.0
1.9336,0.0,0.0,0.0,0.0,0.0,0.0
1.9356,0.0,0.0,0.0,0.0,0.0,0.0
1.9375,0.0,0.0,0.0,0.0,0.0,0.0
1.9395,0.0,0.0,0.0,0.0,0.0,0.0
1.9414,0.0,0.0,0.0,0.0,0.0,0.0
1.9434,0.0,0.0,0.0,0.0,0.0,0.0
1.9453,0.0,0.0,0.0,0.0,0.0,0.0
1.9473,0.0,0.0,0.0,0.0,0.0,0.0
1.9492,0.0,0.0,0.0,0.0,0.0,0.0
1.9512,0.0,0.0,0.0,0.0,0.0,0.0
1.9531,0.0,0.0,0.0,0.0,0.0,0.0
1.9551,0.0,0.0,0.0,0.0,0.0,0.0
1.9571,0.0,0.0,0.0,0.0,0.0,0.0
1.959,0.0,0.0,0.0,0.0,0.0,0.0
1.961,0.0,0.0,0.0,0.0,0.0,0.0
1.9629,0.0,0.0,0.0,0.0,0.0,0.0
1.9649,0.0,0.0,0.0,0.0,0.0,0.0
1.9668,0.0,0.0,0.0,0.0,0.0,0.0
1.9688,0.0,0.0,0.0,0.0,0.0,0.0
1.9707,0.0,0.0,0.0,0.0,0.0,0.0
1.9727,0.0,0.0,0.0,0.0,0.0,0.0
1.9746,0.0,0.0,0.0,0.0,0.0,0.0
1.9766,0.0,0.0,0.0,0.0,0.0,0.0
1.9785,0.0,0.0,0.0,0.0,0.0,0.0
1.9805,0.0,0.0,0.0,0.0,0.0,0.0
1.9824,0.0,0.0,0.0,0.0,0.0,0.0
1.9844,0.0,0.0,0.0,0.0,0.0,0.0
1.9863,0.0,0.0,0.0,0.0,0.0,0.0
1.9883,0.0,0.0,0.0,0.0,0.0,0.0
1.9902,0.0,0.0,0.0,0.0,0.0,0.0
1.9922,0.0,0.0,0.0,0.0,0.0,0.0
1.9941,0.0,0.0,0.0,0.0,0.0,0.0
1.9961,0.0,0.0,0.0,0.0,0.0,0.0
1.998,0.0,0.0,0.0,0.0,0.0,0.0
2.0,0.0,0.0,0.0,0.0,0.0,0.0
